{
	"@metadata": {
		"author": "Ellen Spertus <ellen.spertus@gmail.com>",
		"locale": "en",
		"messagedocumentation" : "qqq"
	},
	"VARIABLES_DEFAULT_NAME": "項目",
	"TODAY": "今日",
	"DUPLICATE_BLOCK": "複製",
	"ADD_COMMENT": "コメントを追加する",
	"REMOVE_COMMENT": "コメントを削除",
	"DUPLICATE_COMMENT": "コメントを複製",
	"EXTERNAL_INPUTS": "外部入力",
	"INLINE_INPUTS": "インライン入力",
	"DELETE_BLOCK": "ブロックを削除",
	"DELETE_X_BLOCKS": "%1個のブロックを削除",
	"DELETE_ALL_BLOCKS": "すべての%1個のブロックを削除しますか？",
	"CLEAN_UP": "ブロックを整理する",
	"COLLAPSE_BLOCK": "ブロックを折りたたむ",
	"COLLAPSE_ALL": "すべてのブロックを折りたたむ",
	"EXPAND_BLOCK": "ブロックを展開する",
	"EXPAND_ALL": "すべてのブロックを展開する",
	"DISABLE_BLOCK": "ブロックを無効にする",
	"ENABLE_BLOCK": "ブロックを有効にする",
	"HELP": "ヘルプ",
	"UNDO": "取り消す",
	"REDO": "やり直す",
	"CHANGE_VALUE_TITLE": "値を変える：",
	"RENAME_VARIABLE": "変数の名前を変える...",
	"RENAME_VARIABLE_TITLE": "すべての%1個の変数の名前を変える：",
	"NEW_VARIABLE": "変数を作成...",
	"NEW_STRING_VARIABLE": "文字列の変数を作成...",
	"NEW_NUMBER_VARIABLE": "数字の変数を作成...",
	"NEW_COLOUR_VARIABLE": "色の変数を作成...",
	"NEW_VARIABLE_DROPDOWN": "新しい変数...",
	"NEW_VARIABLE_TYPE_DROPDOWN": "新しい変数 %1...",
	"NEW_VARIABLE_TYPE_TITLE": "新しい変数のタイプ:",
	"NEW_VARIABLE_TITLE": "新しい変数の名前:",
	"VARIABLE_ALREADY_EXISTS": "'%1'という変数、または関数は既に存在しています",
	"VARIABLE_ALREADY_EXISTS_FOR_ANOTHER_TYPE": "'%1'という変数は、別のタイプで既に存在しています: '%2'.",
	"DELETE_VARIABLE_CONFIRMATION": "%1か所で使われている変数'%2'を削除しますか？",
	"CANNOT_DELETE_VARIABLE_PROCEDURE": "変数'%1'を消去できません。関数'%2'の中で使用されています。",
	"DELETE_VARIABLE": "変数'%1'を消去",
	"COLOUR_PICKER_HELPURL": "https://ja.wikipedia.org/wiki/色",
	"COLOUR_PICKER_TOOLTIP": "パレットから色を選択してください",
	"COLOUR_RANDOM_HELPURL": "http://randomcolour.com",
	"COLOUR_RANDOM_TITLE": "ランダムな色",
	"COLOUR_RANDOM_TOOLTIP": "ランダムに色を選択する",
	"COLOUR_RGB_HELPURL": "http://www.december.com/html/spec/colorper.html",
	"COLOUR_RGB_TITLE": "色づけ",
	"COLOUR_RGB_RED": "赤",
	"COLOUR_RGB_GREEN": "緑",
	"COLOUR_RGB_BLUE": "青",
	"COLOUR_RGB_TOOLTIP": "赤、緑、青の3つの値から特定の色を作成します。それぞれの値は0から100の間にする必要があります。",
	"COLOUR_BLEND_HELPURL": "http://meyerweb.com/eric/tools/color-blend/",
	"COLOUR_BLEND_TITLE": "ブレンド",
	"COLOUR_BLEND_COLOUR1": "色 1",
	"COLOUR_BLEND_COLOUR2": "色 2",
	"COLOUR_BLEND_RATIO": "比率",
	"COLOUR_BLEND_TOOLTIP": "与えられた2つの色をある比率（0.0～1.0）でブレンドします",
	"CONTROLS_REPEAT_HELPURL": "https://ja.wikipedia.org/wiki/for文",
	"CONTROLS_REPEAT_TITLE": "%1回繰り返す",
	"CONTROLS_REPEAT_INPUT_DO": "実行",
	"CONTROLS_REPEAT_TOOLTIP": "ステートメントを複数回実行する",
	"CONTROLS_WHILEUNTIL_HELPURL": "https://github.com/google/blockly/wiki/Loops#repeat",
	"CONTROLS_WHILEUNTIL_OPERATOR_WHILE": "繰り返す：続ける条件",
	"CONTROLS_WHILEUNTIL_OPERATOR_UNTIL": "繰り返す：終了する条件",
	"CONTROLS_WHILEUNTIL_TOOLTIP_WHILE": "値がtrueの間、ステートメントを実行する",
	"CONTROLS_WHILEUNTIL_TOOLTIP_UNTIL": "値がfalseの間、ステートメントを実行する",
	"CONTROLS_FOR_HELPURL": "https://github.com/google/blockly/wiki/Loops#count-with",
	"CONTROLS_FOR_TOOLTIP": "変数 '%1'に開始番号から終了番号までの値に対して、指定した間隔でカウントさせつつ、指定したブロックを実行する",
	"CONTROLS_FOR_TITLE": "カウントする（ 変数： %1 範囲： %2 ～ %3 間隔： %4 ）",
	"CONTROLS_FOREACH_HELPURL": "https://github.com/google/blockly/wiki/Loops#for-each",
	"CONTROLS_FOREACH_TITLE": "リスト%2の各項目%1について",
	"CONTROLS_FOREACH_TOOLTIP": "リストの各項目に変数'%1'を設定し、ステートメントを実行する",
	"CONTROLS_FLOW_STATEMENTS_HELPURL": "https://github.com/google/blockly/wiki/Loops#loop-termination-blocks",
	"CONTROLS_FLOW_STATEMENTS_OPERATOR_BREAK": "ループから抜ける",
	"CONTROLS_FLOW_STATEMENTS_OPERATOR_CONTINUE": "次の繰り返し処理を続ける",
	"CONTROLS_FLOW_STATEMENTS_TOOLTIP_BREAK": "現在実行中のループから抜ける",
	"CONTROLS_FLOW_STATEMENTS_TOOLTIP_CONTINUE": "このループの残りの部分をスキップして、次の繰り返し処理を続けます",
	"CONTROLS_FLOW_STATEMENTS_WARNING": "注意: このブロックは、ループ内でのみ使用できます",
	"CONTROLS_IF_HELPURL": "https://github.com/google/blockly/wiki/IfElse",
	"CONTROLS_IF_TOOLTIP_1": "値がtrueの時、ステートメントを実行します。",
	"CONTROLS_IF_TOOLTIP_2": "値がtrueの時、ステートメントの最初のブロックを実行します。それ以外の場合は、2番目のブロックを実行します。",
	"CONTROLS_IF_TOOLTIP_3": "最初の値がtrueの時、ステートメントの最初のブロックを実行します。2番目の値がtrueの時、2番目のブロックを実行します。",
	"CONTROLS_IF_TOOLTIP_4": "最初の値がtrueの時、ステートメントの最初のブロックを実行します。2番目の値がtrueの時、2番目のブロックを実行します。それ以外の場合は、最後のブロックを実行します。",
	"CONTROLS_IF_MSG_IF": "もし",
	"CONTROLS_IF_MSG_ELSEIF": "それ以外で、もし",
	"CONTROLS_IF_MSG_ELSE": "それ以外なら",
	"CONTROLS_IF_IF_TOOLTIP": "セクションを追加、削除、または並べ替えて、ifブロックを再構成してください",
	"CONTROLS_IF_ELSEIF_TOOLTIP": "ifブロックに条件を追加してください",
	"CONTROLS_IF_ELSE_TOOLTIP": "ifブロックにfinal, catch-all条件を追加してください",
	"IOS_OK": "OK",
	"IOS_CANCEL": "キャンセル",
	"IOS_ERROR": "エラー",
	"IOS_PROCEDURES_INPUTS": "入力",
	"IOS_PROCEDURES_ADD_INPUT": "+ 入力を追加する",
	"IOS_PROCEDURES_ALLOW_STATEMENTS": "ステートメントを許可",
	"IOS_PROCEDURES_DUPLICATE_INPUTS_ERROR": "関数の入力が重複しています",
	"IOS_VARIABLES_ADD_VARIABLE": "+ 変数を追加する",
	"IOS_VARIABLES_ADD_BUTTON": "追加する",
	"IOS_VARIABLES_RENAME_BUTTON": "リネーム",
	"IOS_VARIABLES_DELETE_BUTTON": "消去",
	"IOS_VARIABLES_VARIABLE_NAME": "変数名",
	"IOS_VARIABLES_EMPTY_NAME_ERROR": "変数名を空欄にすることはできません",
	"LOGIC_COMPARE_HELPURL": "https://ja.wikipedia.org/wiki/否定",
	"LOGIC_COMPARE_TOOLTIP_EQ": "2つの入力値が等しい時、trueを返します",
	"LOGIC_COMPARE_TOOLTIP_NEQ": "2つの入力値が等しくない時、trueを返します",
	"LOGIC_COMPARE_TOOLTIP_LT": "1つ目の入力値が2つ目の入力値よりも小さい時、trueを返します",
	"LOGIC_COMPARE_TOOLTIP_LTE": "1つ目の入力値が2つ目の入力値以下の時、trueを返します",
	"LOGIC_COMPARE_TOOLTIP_GT": "1つ目の入力値が2つ目の入力値よりも大きい時、trueを返します",
	"LOGIC_COMPARE_TOOLTIP_GTE": "1つ目の入力値が2つ目の入力値以上の時、trueを返します",
	"LOGIC_OPERATION_HELPURL": "https://github.com/google/blockly/wiki/Logic#logical-operations",
	"LOGIC_OPERATION_TOOLTIP_AND": "2つの入力値がtrueの時、trueを返します",
	"LOGIC_OPERATION_AND": "かつ",
	"LOGIC_OPERATION_TOOLTIP_OR": "2つの入力値のうち、どちらかでもtrueである時、trueを返します",
	"LOGIC_OPERATION_OR": "または",
	"LOGIC_NEGATE_HELPURL": "https://github.com/google/blockly/wiki/Logic#not",
	"LOGIC_NEGATE_TITLE": "%1ではない",
	"LOGIC_NEGATE_TOOLTIP": "入力がfalseの時、trueを返します。入力がtrueの時、falseを返します。",
	"LOGIC_BOOLEAN_HELPURL": "https://github.com/google/blockly/wiki/Logic#values",
	"LOGIC_BOOLEAN_TRUE": "true",
	"LOGIC_BOOLEAN_FALSE": "false",
	"LOGIC_BOOLEAN_TOOLTIP": "true、またはfalseを返します",
	"LOGIC_NULL_HELPURL": "https://ja.wikipedia.org/wiki/Null",
	"LOGIC_NULL": "null",
	"LOGIC_NULL_TOOLTIP": "nullを返します",
	"LOGIC_TERNARY_HELPURL": "https://ja.wikipedia.org/wiki/条件演算子",
	"LOGIC_TERNARY_CONDITION": "テスト",
	"LOGIC_TERNARY_IF_TRUE": "trueの時",
	"LOGIC_TERNARY_IF_FALSE": "falseの時",
	"LOGIC_TERNARY_TOOLTIP": "'テスト'の条件をチェックします。true時は、'trueの時'の値を返します。それ以外の時は、'falseの時'の値を返します。",
	"MATH_NUMBER_HELPURL": "https://ja.wikipedia.org/wiki/数",
	"MATH_NUMBER_TOOLTIP": "数字",
	"MATH_ADDITION_SYMBOL": "+",
	"MATH_SUBTRACTION_SYMBOL": "-",
	"MATH_DIVISION_SYMBOL": "÷",
	"MATH_MULTIPLICATION_SYMBOL": "×",
	"MATH_POWER_SYMBOL": "^",
	"MATH_MODULO_SYMBOL": "%",
	"MATH_FLOORDIVIDE_SYMBOL": "//",
	"MATH_TRIG_SIN": "sin",
	"MATH_TRIG_COS": "cos",
	"MATH_TRIG_TAN": "tan",
	"MATH_TRIG_ASIN": "asin",
	"MATH_TRIG_ACOS": "acos",
	"MATH_TRIG_ATAN": "atan",
	"MATH_ARITHMETIC_HELPURL": "https://ja.wikipedia.org/wiki/算術",
	"MATH_ARITHMETIC_TOOLTIP_ADD": "2つの入力値の和の値を返します",
	"MATH_ARITHMETIC_TOOLTIP_MINUS": "2つの入力値の差の値を返します",
	"MATH_ARITHMETIC_TOOLTIP_MULTIPLY": "2つの入力値の積の値を返します",
	"MATH_ARITHMETIC_TOOLTIP_DIVIDE": "2つの入力値の商の値を返します",
	"MATH_ARITHMETIC_TOOLTIP_POWER": "1つ目の入力値を2つ目の入力値でべき乗した値を返します",
	"MATH_ARITHMETIC_TOOLTIP_MODULO": "2つの入力値の余りの値を返します",
	"MATH_SINGLE_HELPURL": "https://ja.wikipedia.org/wiki/平方根",
	"MATH_SINGLE_OP_ROOT": "平方根",
	"MATH_SINGLE_TOOLTIP_ROOT": "平方根の値を返します",
	"MATH_SINGLE_OP_ABSOLUTE": "絶対値",
	"MATH_SINGLE_TOOLTIP_ABS": "絶対値を返します",
	"MATH_SINGLE_TOOLTIP_NEG": "負の値を返します",
	"MATH_SINGLE_TOOLTIP_LN": "入力値の自然対数を返します",
	"MATH_SINGLE_TOOLTIP_LOG10": "底が10の対数を返します",
	"MATH_SINGLE_TOOLTIP_EXP": "eを入力値のべき乗をした値を返します",
	"MATH_SINGLE_TOOLTIP_POW10": "10を入力値のべき乗をした値を返します",
	"MATH_TRIG_HELPURL": "https://ja.wikipedia.org/wiki/三角関数",
	"MATH_TRIG_TOOLTIP_SIN": "度数の正弦（sin）を返します (ラジアンではありません)",
	"MATH_TRIG_TOOLTIP_COS": "度数の余弦（cosin）を返します (ラジアンではありません)",
	"MATH_TRIG_TOOLTIP_TAN": "度数の正接（tan）を返します (ラジアンではありません)",
	"MATH_TRIG_TOOLTIP_ASIN": "アークサイン（arcsin）を返します",
	"MATH_TRIG_TOOLTIP_ACOS": "アークコサイン（arccosin）を返します",
	"MATH_TRIG_TOOLTIP_ATAN": "アークタンジェント（arctan）を返します",
	"MATH_CONSTANT_HELPURL": "https://ja.wikipedia.org/wiki/数学定数",
	"MATH_CONSTANT_TOOLTIP": "いずれかの一般的な定数を返します: π (3.141…), e (2.718…), φ (1.618…), sqrt(2) (1.414…), sqrt(½) (0.707…), or ∞ (infinity)",
	"MATH_IS_EVEN": "は偶数",
	"MATH_IS_ODD": "は奇数",
	"MATH_IS_PRIME": "は素数",
	"MATH_IS_WHOLE": "は整数",
	"MATH_IS_POSITIVE": "は正",
	"MATH_IS_NEGATIVE": "は負",
	"MATH_IS_DIVISIBLE_BY": "は次の値で割りきれる：",
	"MATH_IS_TOOLTIP": "ある数字が、偶数、奇数、素数、整数、正数、負数、または特定の数で割り切れるかどうかを判断し、trueかfalseを返します。",
	"MATH_CHANGE_HELPURL": "https://ja.wikipedia.org/wiki/加法",
	"MATH_CHANGE_TITLE": "%1を%2だけ変更",
	"MATH_CHANGE_TOOLTIP": "変数'%1'に数を足す",
	"MATH_ROUND_HELPURL": "https://ja.wikipedia.org/wiki/端数処理",
	"MATH_ROUND_TOOLTIP": "数値を切り上げるか切り捨てる",
	"MATH_ROUND_OPERATOR_ROUND": "四捨五入",
	"MATH_ROUND_OPERATOR_ROUNDUP": "切り上げ",
	"MATH_ROUND_OPERATOR_ROUNDDOWN": "切り捨て",
	"MATH_ONLIST_HELPURL": "",
	"MATH_ONLIST_OPERATOR_SUM": "リストの合計値",
	"MATH_ONLIST_TOOLTIP_SUM": "リストの合計値を返します",
	"MATH_ONLIST_OPERATOR_MIN": "リストの最小値",
	"MATH_ONLIST_TOOLTIP_MIN": "リストの中で最小値を返します",
	"MATH_ONLIST_OPERATOR_MAX": "リストの最大値",
	"MATH_ONLIST_TOOLTIP_MAX": "リストの中で最大値を返します",
	"MATH_ONLIST_OPERATOR_AVERAGE": "リストの平均値",
	"MATH_ONLIST_TOOLTIP_AVERAGE": "リストの平均値を返します",
	"MATH_ONLIST_OPERATOR_MEDIAN": "リストの中央値",
	"MATH_ONLIST_TOOLTIP_MEDIAN": "リストの中央値を返します",
	"MATH_ONLIST_OPERATOR_MODE": "リストの最頻値",
	"MATH_ONLIST_TOOLTIP_MODE": "リスト中で最頻値の値のリストを返します",
	"MATH_ONLIST_OPERATOR_STD_DEV": "リストの標準偏差",
	"MATH_ONLIST_TOOLTIP_STD_DEV": "リストの標準偏差を返します",
	"MATH_ONLIST_OPERATOR_RANDOM": "リストからランダムに選択した要素",
	"MATH_ONLIST_TOOLTIP_RANDOM": "リストからランダムに選ばれた要素を返します",
	"MATH_MODULO_HELPURL": "https://ja.wikipedia.org/wiki/剰余演算",
	"MATH_MODULO_TITLE": "%1÷%2の余り",
	"MATH_MODULO_TOOLTIP": "2つの数値の割り算の余りを返します",
	"MATH_CONSTRAIN_HELPURL": "https://en.wikipedia.org/wiki/Clamping_(graphics)",
	"MATH_CONSTRAIN_TITLE": "%1の下限値を%2に上限値を%3に制限",
	"MATH_CONSTRAIN_TOOLTIP": "指定した上限値と下限値の間に値を制限する（上限値と下限値を含む）",
	"MATH_RANDOM_INT_HELPURL": "https://en.wikipedia.org/wiki/Random_number_generation",
	"MATH_RANDOM_INT_TITLE": "%1から%2までの間のランダムな整数",
	"MATH_RANDOM_INT_TOOLTIP": "指定された範囲のランダムな整数を返します（上限値と下限値を含む）",
	"MATH_RANDOM_FLOAT_HELPURL": "https://en.wikipedia.org/wiki/Random_number_generation",
	"MATH_RANDOM_FLOAT_TITLE_RANDOM": "1未満の正の乱数",
	"MATH_RANDOM_FLOAT_TOOLTIP": "0.0以上で1.0未満の範囲の乱数を返します",
	"TEXT_TEXT_HELPURL": "https://ja.wikipedia.org/wiki/文字列",
	"TEXT_TEXT_TOOLTIP": "文字、単語、または行のテキスト",
	"TEXT_JOIN_HELPURL": "https://github.com/google/blockly/wiki/Text#text-creation",
	"TEXT_JOIN_TITLE_CREATEWITH": "テキストの作成：",
	"TEXT_JOIN_TOOLTIP": "任意の数の要素を結合してテキストを作成する",
	"TEXT_CREATE_JOIN_TITLE_JOIN": "結合",
	"TEXT_CREATE_JOIN_TOOLTIP": "セクションを追加、削除、または順序変更して、テキストブロックを再構成する",
	"TEXT_CREATE_JOIN_ITEM_TOOLTIP": "テキストに要素を追加する",
	"TEXT_APPEND_HELPURL": "https://github.com/google/blockly/wiki/Text#text-modification",
	"TEXT_APPEND_TITLE": "%1にテキスト%2を追加する",
	"TEXT_APPEND_TOOLTIP": "変数'%1'にテキストを追加する",
	"TEXT_LENGTH_HELPURL": "https://github.com/google/blockly/wiki/Text#text-modification",
	"TEXT_LENGTH_TITLE": "%1の長さ",
	"TEXT_LENGTH_TOOLTIP": "テキストの文字数を返します(スペースを含む)",
	"TEXT_ISEMPTY_HELPURL": "https://github.com/google/blockly/wiki/Text#checking-for-empty-text",
	"TEXT_ISEMPTY_TITLE": "%1が空かどうか",
	"TEXT_ISEMPTY_TOOLTIP": "与えられたテキストが空の時はtrueを返します",
	"TEXT_INDEXOF_HELPURL": "https://github.com/google/blockly/wiki/Text#finding-text",
	"TEXT_INDEXOF_TOOLTIP": "2つ目のテキストの中に最初、または最後に1つ目のテキストが出現するインデックスを返します。2つ目のテキストの中に1つ目のテキストが存在しない場合は%1を返します",
	"TEXT_INDEXOF_TITLE": "テキスト%2の中で%1がある位置 %3",
	"TEXT_INDEXOF_OPERATOR_FIRST": "次のテキストの最初の出現位置を探す：",
	"TEXT_INDEXOF_OPERATOR_LAST": "次のテキストの最後の出現位置を探す：",
	"TEXT_CHARAT_HELPURL": "https://github.com/google/blockly/wiki/Text#extracting-text",
	"TEXT_CHARAT_TITLE": "テキスト%2の中で%1がある位置",
	"TEXT_CHARAT_FROM_START": "文字#を取得する",
	"TEXT_CHARAT_FROM_END": "文字#を取得(最後から探す)",
	"TEXT_CHARAT_FIRST": "最初の文字を取得する",
	"TEXT_CHARAT_LAST": "最後の文字を取得する",
	"TEXT_CHARAT_RANDOM": "ランダムな文字を取得する",
	"TEXT_CHARAT_TAIL": "",
	"TEXT_CHARAT_TOOLTIP": "指定した位置にある文字を返します",
	"TEXT_GET_SUBSTRING_TOOLTIP": "テキストの指定した位置を返します",
	"TEXT_GET_SUBSTRING_HELPURL": "https://github.com/google/blockly/wiki/Text#extracting-a-region-of-text",
	"TEXT_GET_SUBSTRING_INPUT_IN_TEXT": "テキストの中",
	"TEXT_GET_SUBSTRING_START_FROM_START": "文字列から#から部分文字列を取得する",
	"TEXT_GET_SUBSTRING_START_FROM_END": "文字列の最後の#文字目の部分文字列を取得する",
	"TEXT_GET_SUBSTRING_START_FIRST": "最初の文字から文字列を取得する",
	"TEXT_GET_SUBSTRING_END_FROM_START": "文字#に",
	"TEXT_GET_SUBSTRING_END_FROM_END": "最後から#番目の文字に",
	"TEXT_GET_SUBSTRING_END_LAST": "最後の文字に",
	"TEXT_GET_SUBSTRING_TAIL": "",
	"TEXT_CHANGECASE_HELPURL": "https://github.com/google/blockly/wiki/Text#adjusting-text-case",
	"TEXT_CHANGECASE_TOOLTIP": "別のケース(大文字、小文字)で文字列を返します",
	"TEXT_CHANGECASE_OPERATOR_UPPERCASE": "大文字",
	"TEXT_CHANGECASE_OPERATOR_LOWERCASE": "小文字",
	"TEXT_CHANGECASE_OPERATOR_TITLECASE": "タイトル",
	"TEXT_TRIM_HELPURL": "https://github.com/google/blockly/wiki/Text#trimming-removing-spaces",
	"TEXT_TRIM_TOOLTIP": "片端または両端にあるスペースを削除したテキストを返します",
	"TEXT_TRIM_OPERATOR_BOTH": "両端にあるスペースを削除",
	"TEXT_TRIM_OPERATOR_LEFT": "左端にあるスペースを削除",
	"TEXT_TRIM_OPERATOR_RIGHT": "右端にあるスペースを削除",
	"TEXT_PRINT_HELPURL": "https://github.com/google/blockly/wiki/Text#printing-text",
	"TEXT_PRINT_TITLE": "%1を出力する",
	"TEXT_PRINT_TOOLTIP": "指定したテキスト、番号または他の値を出力する",
	"TEXT_PROMPT_HELPURL": "https://github.com/google/blockly/wiki/Text#getting-input-from-the-user",
	"TEXT_PROMPT_TYPE_TEXT": "テキスト入力を求める",
	"TEXT_PROMPT_TYPE_NUMBER": "数字の入力を求める",
	"TEXT_PROMPT_TOOLTIP_NUMBER": "ユーザーに数値の入力を求める",
	"TEXT_PROMPT_TOOLTIP_TEXT": "ユーザーにテキスト入力を求める",
	"TEXT_COUNT_MESSAGE0": "%2に含まれる%1の数を数える",
	"TEXT_COUNT_HELPURL": "https://github.com/google/blockly/wiki/Text#counting-substrings",
	"TEXT_COUNT_TOOLTIP": "ある文が別の文の中で使われている回数を数える",
	"TEXT_REPLACE_MESSAGE0": "%3に含まれる%1を%2に置換する",
	"TEXT_REPLACE_HELPURL": "https://github.com/google/blockly/wiki/Text#replacing-substrings",
	"TEXT_REPLACE_TOOLTIP": "テキスト中のある単語をすべて他の単語に置換する",
	"TEXT_REVERSE_MESSAGE0": "%1の逆順",
	"TEXT_REVERSE_HELPURL": "https://github.com/google/blockly/wiki/Text#reversing-text",
	"TEXT_REVERSE_TOOLTIP": "テキストを逆順にする",
	"LISTS_CREATE_EMPTY_HELPURL": "https://github.com/google/blockly/wiki/Lists#create-empty-list",
	"LISTS_CREATE_EMPTY_TITLE": "空のリストを作成する",
	"LISTS_CREATE_EMPTY_TOOLTIP": "長さ0の要素を含まない空のリストを返します",
	"LISTS_CREATE_WITH_HELPURL": "https://github.com/google/blockly/wiki/Lists#create-list-with",
	"LISTS_CREATE_WITH_TOOLTIP": "要素数が決まっていないリストを作成する",
	"LISTS_CREATE_WITH_INPUT_WITH": "次を使ってリストを作成：",
	"LISTS_CREATE_WITH_CONTAINER_TITLE_ADD": "リスト",
	"LISTS_CREATE_WITH_CONTAINER_TOOLTIP": "追加、削除、またはセクションの順序変更をして、リストブロックを再構成する",
	"LISTS_CREATE_WITH_ITEM_TOOLTIP": "リストに要素を追加する",
	"LISTS_REPEAT_HELPURL": "https://github.com/google/blockly/wiki/Lists#create-list-with",
	"LISTS_REPEAT_TOOLTIP": "与えられた値を指定された回数繰り返してリストを作成する",
	"LISTS_REPEAT_TITLE": "要素%1を%2回繰り返したリストを作成する",
	"LISTS_LENGTH_HELPURL": "https://github.com/google/blockly/wiki/Lists#length-of",
	"LISTS_LENGTH_TITLE": "%1の長さ",
	"LISTS_LENGTH_TOOLTIP": "リストの長さを返します",
	"LISTS_ISEMPTY_HELPURL": "https://github.com/google/blockly/wiki/Lists#is-empty",
	"LISTS_ISEMPTY_TITLE": "リスト%1が空かどうか",
	"LISTS_ISEMPTY_TOOLTIP": "リストが空の場合は、trueを返します",
	"LISTS_INLIST": "リストに含まれる",
	"LISTS_INDEX_OF_HELPURL": "https://github.com/google/blockly/wiki/Lists#getting-items-from-a-list",
	"LISTS_INDEX_OF_FIRST": "ある要素の場所を返す(最初から検索)",
	"LISTS_INDEX_OF_LAST": "ある要素の場所を返す(最後から検索)",
	"LISTS_INDEX_OF_TOOLTIP": "リストの中である要素が最初/最後に出現する位置を返します。要素が見つからない場合は%1を返します。",
	"LISTS_GET_INDEX_GET": "取得する",
	"LISTS_GET_INDEX_GET_REMOVE": "取得と削除",
	"LISTS_GET_INDEX_REMOVE": "削除",
	"LISTS_GET_INDEX_FROM_START": "#",
	"LISTS_GET_INDEX_FROM_END": "最後から#",
	"LISTS_GET_INDEX_FIRST": "最初",
	"LISTS_GET_INDEX_LAST": "最後",
	"LISTS_GET_INDEX_RANDOM": "ランダム",
	"LISTS_GET_INDEX_TAIL": "",
	"LISTS_INDEX_FROM_START_TOOLTIP": "%1は、最初の要素です",
	"LISTS_INDEX_FROM_END_TOOLTIP": "%1は、最後の要素です",
	"LISTS_GET_INDEX_TOOLTIP_GET_FROM": "リスト内の指定位置にある要素を返します",
	"LISTS_GET_INDEX_TOOLTIP_GET_FIRST": "リストの最初の要素を返します",
	"LISTS_GET_INDEX_TOOLTIP_GET_LAST": "リストの最後の要素を返します",
	"LISTS_GET_INDEX_TOOLTIP_GET_RANDOM": "リスト中からランダムに選択した要素を返します",
	"LISTS_GET_INDEX_TOOLTIP_GET_REMOVE_FROM": "指定位置にある要素を削除したリストを返します",
	"LISTS_GET_INDEX_TOOLTIP_GET_REMOVE_FIRST": "最初の要素を削除したリストを返します",
	"LISTS_GET_INDEX_TOOLTIP_GET_REMOVE_LAST": "最後の要素を削除したリストを返します",
	"LISTS_GET_INDEX_TOOLTIP_GET_REMOVE_RANDOM": "ランダムに選択した要素を削除したリストを返します",
	"LISTS_GET_INDEX_TOOLTIP_REMOVE_FROM": "リストの指定された位置にある要素を削除します",
	"LISTS_GET_INDEX_TOOLTIP_REMOVE_FIRST": "リストの最初の位置にある要素を削除します",
	"LISTS_GET_INDEX_TOOLTIP_REMOVE_LAST": "リストの最後の位置にある要素を削除します",
	"LISTS_GET_INDEX_TOOLTIP_REMOVE_RANDOM": "リストのランダムに選択した位置にある要素を削除します",
	"LISTS_SET_INDEX_HELPURL": "https://github.com/google/blockly/wiki/Lists#in-list--set",
	"LISTS_SET_INDEX_SET": "セット",
	"LISTS_SET_INDEX_INSERT": "挿入位置：",
	"LISTS_SET_INDEX_INPUT_TO": "として",
	"LISTS_SET_INDEX_TOOLTIP_SET_FROM": "リストの指定した位置に要素を設定する",
	"LISTS_SET_INDEX_TOOLTIP_SET_FIRST": "リストの最初の要素を設定する",
	"LISTS_SET_INDEX_TOOLTIP_SET_LAST": "リストの最後の要素を設定する",
	"LISTS_SET_INDEX_TOOLTIP_SET_RANDOM": "リストのランダムに選択した要素を設定する",
	"LISTS_SET_INDEX_TOOLTIP_INSERT_FROM": "リストの指定した位置に要素を挿入する",
	"LISTS_SET_INDEX_TOOLTIP_INSERT_FIRST": "リストの最初の位置に要素を挿入する",
	"LISTS_SET_INDEX_TOOLTIP_INSERT_LAST": "リストの最後の位置に要素を挿入する",
	"LISTS_SET_INDEX_TOOLTIP_INSERT_RANDOM": "リストのランダムに選択した位置に要素を挿入する",
	"LISTS_GET_SUBLIST_HELPURL": "https://github.com/google/blockly/wiki/Lists#getting-a-sublist",
	"LISTS_GET_SUBLIST_START_FROM_START": "最初から#までの部分的なリストを取得する",
	"LISTS_GET_SUBLIST_START_FROM_END": "#から最後の要素までの部分的なリストを取得する",
	"LISTS_GET_SUBLIST_START_FIRST": "最初からの部分的なリストを取得する",
	"LISTS_GET_SUBLIST_END_FROM_START": "#へ",
	"LISTS_GET_SUBLIST_END_FROM_END": "最後から#へ",
	"LISTS_GET_SUBLIST_END_LAST": "最後へ",
	"LISTS_GET_SUBLIST_TAIL": "",
	"LISTS_GET_SUBLIST_TOOLTIP": "リストの指定した部分のコピーを作成する",
	"LISTS_SORT_HELPURL": "https://github.com/google/blockly/wiki/Lists#sorting-a-list",
	"LISTS_SORT_TITLE": "並べ替え（タイプ：%1、順番：%2、項目のリスト：%3）",
	"LISTS_SORT_TOOLTIP": "リストのコピーを並べ替える",
	"LISTS_SORT_ORDER_ASCENDING": "昇順",
	"LISTS_SORT_ORDER_DESCENDING": "降順",
	"LISTS_SORT_TYPE_NUMERIC": "数値順",
	"LISTS_SORT_TYPE_TEXT": "アルファベット順",
	"LISTS_SORT_TYPE_IGNORECASE": "アルファベット順（大文字・小文字の区別無し）",
	"LISTS_SPLIT_HELPURL": "https://github.com/google/blockly/wiki/Lists#splitting-strings-and-joining-lists",
	"LISTS_SPLIT_LIST_FROM_TEXT": "テキストからリストを作成する",
	"LISTS_SPLIT_TEXT_FROM_LIST": "リストからテキストを作成する",
	"LISTS_SPLIT_WITH_DELIMITER": "区切り記号",
	"LISTS_SPLIT_TOOLTIP_SPLIT": "テキストを区切り記号で分割したリストを作成する",
	"LISTS_SPLIT_TOOLTIP_JOIN": "テキストのリストを区切り記号で区切られた一つのテキストを作成する",
	"LISTS_REVERSE_HELPURL": "https://github.com/google/blockly/wiki/Lists#reversing-a-list",
	"LISTS_REVERSE_MESSAGE0": "%1を逆順にする",
	"LISTS_REVERSE_TOOLTIP": "リストのコピーを逆順にする",
	"ORDINAL_NUMBER_SUFFIX": "",
	"VARIABLES_GET_HELPURL": "https://github.com/google/blockly/wiki/Variables#get",
	"VARIABLES_GET_TOOLTIP": "この変数の値を返します",
	"VARIABLES_GET_CREATE_SET": "'set %1'を作成する",
	"VARIABLES_SET_HELPURL": "https://github.com/google/blockly/wiki/Variables#set",
	"VARIABLES_SET": "%1を%2に設定する",
	"VARIABLES_SET_TOOLTIP": "入力と変数の値が等しくなるように設定する",
	"VARIABLES_SET_CREATE_GET": "'get %1'を作成する",
	"PROCEDURES_DEFNORETURN_HELPURL": "https://ja.wikipedia.org/wiki/サブルーチン",
	"PROCEDURES_DEFNORETURN_TITLE": "関数",
	"PROCEDURES_DEFNORETURN_PROCEDURE": "do something",
	"PROCEDURES_BEFORE_PARAMS": "with:",
	"PROCEDURES_CALL_BEFORE_PARAMS": "with:",
	"PROCEDURES_DEFNORETURN_DO": "",
	"PROCEDURES_DEFNORETURN_TOOLTIP": "出力なしの関数を作成する",
	"PROCEDURES_DEFNORETURN_COMMENT": "この関数の説明...",
	"PROCEDURES_DEFRETURN_HELPURL": "https://ja.wikipedia.org/wiki/サブルーチン",
	"PROCEDURES_DEFRETURN_RETURN": "返り値",
	"PROCEDURES_DEFRETURN_TOOLTIP": "一つの出力を持つ関数を作成する",
	"PROCEDURES_ALLOW_STATEMENTS": "ステートメントを許可する",
	"PROCEDURES_DEF_DUPLICATE_WARNING": "注意: この関数には重複するパラメーターがあります",
	"PROCEDURES_CALLNORETURN_HELPURL": "https://ja.wikipedia.org/wiki/サブルーチン",
	"PROCEDURES_CALLNORETURN_TOOLTIP": "ユーザー定義関数 '%1' を実行する",
	"PROCEDURES_CALLRETURN_HELPURL": "https://ja.wikipedia.org/wiki/サブルーチン",
	"PROCEDURES_CALLRETURN_TOOLTIP": "ユーザー定義関数 '%1' を実行し、その出力を使用する",
	"PROCEDURES_MUTATORCONTAINER_TITLE": "入力",
	"PROCEDURES_MUTATORCONTAINER_TOOLTIP": "この関数への入力に対して追加、削除、順番の変更を行う",
	"PROCEDURES_MUTATORARG_TITLE": "入力名:",
	"PROCEDURES_MUTATORARG_TOOLTIP": "関数への入力を追加する",
	"PROCEDURES_HIGHLIGHT_DEF": "関数の内容をハイライトする",
	"PROCEDURES_CREATE_DO": "'%1'を作成する",
	"FUNCTIONS_EDIT_OPTION": "編集",
	"FUNCTIONS_CALL_TITLE": "呼ぶ",
	"FUNCTION_CREATE_NEW": "関数を作成する",
	"FUNCTION_CALL_TOOLTIP": "定義した関数を呼び出ぶ",
	"FUNCTION_WARNING_DUPLICATE_ARG": "関数は同じ引数名を複数回使用できません",
	"FUNCTION_WARNING_EMPTY_NAME": "関数名と引数名は空欄にできません",
	"FUNCTION_WARNING_ARG_NAME_IS_FUNCTION_NAME": "引数名は関数名と同名にはできません",
	"FUNCTIONS_DEFAULT_FUNCTION_NAME": "do_something",
	"FUNCTIONS_DEFAULT_BOOLEAN_ARG_NAME": "真偽",
	"FUNCTIONS_DEFAULT_STRING_ARG_NAME": "テキスト",
	"FUNCTIONS_DEFAULT_NUMBER_ARG_NAME": "数字",
	"FUNCTIONS_DEFAULT_CUSTOM_ARG_NAME": "引数",
	"PROCEDURES_IFRETURN_TOOLTIP": "値が真のとき、2つ目の値を返します",
	"PROCEDURES_IFRETURN_HELPURL": "http://c2.com/cgi/wiki?GuardClause",
	"PROCEDURES_IFRETURN_WARNING": "警告: このブロックは、定義された関数の中でのみ使用できます",
	"WORKSPACE_COMMENT_DEFAULT_TEXT": "Say something...",
	"SS_TOOLBOX_TITLE_ACTION": "アクション",
	"SS_TOOLBOX_TITLE_DETECTION": "検出",
	"SS_TOOLBOX_TITLE_OUTPUT": "出力する",
	"SS_TOOLBOX_TITLE_LOGIC": "ロジック",
	"SS_TOOLBOX_TITLE_LOOPS": "ループ",
	"SS_TOOLBOX_TITLE_MATH": "数学",
	"SS_TOOLBOX_TITLE_TEXT": "テキスト",
	"SS_TOOLBOX_TITLE_LISTS": "リスト",
	"SS_TOOLBOX_TITLE_VARIABLES": "変数",
	"SS_TOOLBOX_TITLE_PROCEDURES": "関数",
	"SS_BLOCK_WHILE": "%1である限り繰り返す",
	"SS_BLOCK_RANGE": "%1から%2の連番のリスト",
	"SS_BLOCK_RANGE_FULL": "%1から%2の間で%3ずつ増える連番のリスト",
	"SS_BLOCK_FORRANGE": "リスト%2の要素%1を取り出ながら繰り返す",
	"SS_BLOCK_LIST_GETINDEX": "リスト%1の%2番目の要素を取得する",
	"SS_BLOCK_LIST_SETINDEX": "リスト%1の%2番目の要素を%3に設定する",
	"SS_BLOCK_LIST_APPEND": "%1をリスト%2に追加する",
	"SS_BLOCK_OUTPUT_PRINT": "%1、%2を出力する",
	"SS_BLOCK_OUTPUT_PRINT_MESSAGE": "%1を出力する",
	"SS_BLOCK_BAILU_GO": "進行",
	"SS_BLOCK_BAILU_GO2": "進行 %1 %2",
	"SS_BLOCK_BAILU_GO3": "進行 %1 %2 %3",
	"SS_BLOCK_BAILU_SET": "移動 %1 %2",
	"SS_BLOCK_BAILU_DEVIATION": "角度を取得する",
	"SS_BLOCK_BAILU_REFRESH": "リフレッシュ",
	"SS_BLOCK_BAILU_COLORS": "色情報のリストを取得する",
	"SS_BLOCK_BAILU_COLORS_I": "色情報を取得する %1",
	"SS_BLOCK_BAILU_COLORS_DEFINE_RED": "赤",
	"SS_BLOCK_BAILU_COLORS_DEFINE_GREEN": "緑",
	"SS_BLOCK_BAILU_COLORS_DEFINE_BLUE": "青",
	"SS_BLOCK_BAILU_ISFAIL": "失敗",
	"SS_BLOCK_BAILU_DISTANCES": "距離のリストを取得する",
	"SS_BLOCK_BAILU_DISTANCES_I": "距離を取得する %1",
	"SS_BLOCK_BAILU_DISTANCES_I_LF": "左前",
	"SS_BLOCK_BAILU_DISTANCES_I_RF": "右前",
	"SS_BLOCK_BAILU_DISTANCES_I_F": "前方",
	"SS_BLOCK_BAILU_DISTANCES_I_B": "後方",
	"SS_BLOCK_BAILU_INTENSITIES": "光の強さのリストを取得する",
	"SS_BLOCK_BAILU_INTENSITIES_I": "光の強さを取得する %1",
	"SS_BLOCK_UNITY_FORWARD": "前に進む",
	"SS_BLOCK_UNITY_COLLECT": "集める",
	"SS_BLOCK_UNITY_RIGHT": "右に曲がる",
	"SS_BLOCK_UNITY_LEFT": "左に曲がる",
	"SS_BLOCK_UNITY_HASOBSTACLE": "%1 に障害物があるか?",
	"SS_BLOCK_UNITY_HASOBSTACLE_1": "左側",
	"SS_BLOCK_UNITY_HASOBSTACLE_2": "前方",
	"SS_BLOCK_UNITY_HASOBSTACLE_3": "右側に",
	"SS_BLOCK_UNITY_ONWHAT": "%1がある場所か?",
	"SS_BLOCK_UNITY_ONWHAT_1": "エナジーブロック",
	"SS_BLOCK_UNITY_ONWHAT_2": "ゴール",
	"SS_BLOCK_VCAR_GO": "進行 %1 %2 , %3 フレーム",
	"SS_BLOCK_VCAR_GO2": "進行 %1 %2 , %3 秒",
	"SS_BLOCK_VCAR_SET": "移動 %1 %2 %3",
	"SS_BLOCK_VCAR_REFRESH": "リフレッシュ",
	"SS_BLOCK_VCAR_RUNWITHPID": "PIDライン検出 %1 %2 %3",
	"SS_BLOCK_VCAR_DEVIATION": "角度",
	"SS_BLOCK_VCAR_CLOCKWISE_DEGREE": "時計回りの回転角 %1",
	"SS_BLOCK_VCAR_ANTICLOCKWISE_DEGREE": "反時計回りの回転角 %1",
	"SS_BLOCK_VCAR_SET_TARGET": "検出する目標%1を設定する",
	"SS_BLOCK_VCAR_DISTANCE": "距離 %1",
	"SS_BLOCK_VCAR_DISTANCE_DETECT": "%1 距離 %2 %3",
	"SS_BLOCK_VCAR_COLOR_DETECT": "センサー # %1 %2 %3",
	"SS_BLOCK_VCAR_COLOR_DETECT_ADVANCED": "センサー # %1 %3 番号 %2 %4",
	"SS_BLOCK_VCAR_INTENSITY_DETECT": "センサー # %1 %2 光",
	"SS_BLOCK_VCAR_GETLINELOC": "赤線を検出したセンサーの番号",
	"SS_BLOCK_VCAR_PRECISE_DISTANCE": "%1",
	"SS_BLOCK_VCAR_GETINTENSITY": "光の強さを取得する %1",
	"SS_BLOCK_VCAR_DROPDOWN_FL": "左前",
	"SS_BLOCK_VCAR_DROPDOWN_FR": "右前",
	"SS_BLOCK_VCAR_DROPDOWN_FRONT": "前方",
	"SS_BLOCK_VCAR_DROPDOWN_REAR": "後方",
	"SS_BLOCK_VCAR_DROPDOWN_HAS": "である",
	"SS_BLOCK_VCAR_DROPDOWN_HASNOT": "でない",
	"SS_BLOCK_VCAR_DROPDOWN_RED": "赤",
	"SS_BLOCK_VCAR_DROPDOWN_GREEN": "緑",
	"SS_BLOCK_VCAR_DROPDOWN_BLUE": "青",
	"SS_BLOCK_VCAR_INCURRENTTASK": "現在のタスクで",
	"SS_BLOCK_VCAR_DROPDOWN_COMPARE_M": ">",
	"SS_BLOCK_VCAR_DROPDOWN_COMPARE_ME": ">=",
	"SS_BLOCK_VCAR_DROPDOWN_COMPARE_L": "<",
	"SS_BLOCK_VCAR_DROPDOWN_COMPARE_LE": "<=",
	"SS_BLOCK_VCAR_DROPDOWN_COMPARE_E": "=",
	"SS_BLOCK_POCKET_GO": "進行 %1 %2",
	"SS_BLOCK_POCKET_GO2": "進行 %1 %2 %3",
	"SS_BLOCK_POCKET_TURN": "旋回 %1",
	"SS_BLOCK_POCKET_SETRGB": "ライトの色を設定する %1 %2 %3",
	"SS_BLOCK_POCKET_DISTANCE": "距離を取得する %1",
	"SS_BLOCK_POCKET_DISTANCE_DETECT": "%1 距離 %2 %3",
	"SS_BLOCK_POCKET_COLORSENSOR": "カラーセンサー %1",
	"SS_BLOCK_POCKET_DETECTS_BLACK": "黒を検出する %1",
	"SS_BLOCK_POCKET_DETECTS_WHITE": "白を検出する %1",
	"SS_BLOCK_POCKET_DETECTS_COLOR": "検出 %1 %2 %3",
	"SS_BLOCK_POCKET_LIGHTTRACK": "光電センサーライントレース %1 %2 %3 %4 %5",
	"SS_BLOCK_POCKET_LIGHTTRACKWITHDIFF": "差動光電センサーライントレース %1 %2 %3 %4 %5",
	"SS_BLOCK_POCKET_AVERAGE_DISTANCE": "センサー%1の平均値を取得する",
	"SS_BLOCK_POCKET_FRONT_DISTANCE": "前方の障害物までの距離を取得する",
	"SS_BLOCK_POCKET_GETTURNANGLE": "回転角を取得する %1 %2",
	"SS_BLOCK_POCKET_PIRATETREASURE": "海賊のお宝を探す %1 %2 %3 %4 %5",
	"SS_BLOCK_POCKET_GET_INTENSITY": "光の強さ%1を取得する",
	"SS_BLOCK_POCKET_DROPDOWN_DIRECTION_F": "前",
	"SS_BLOCK_POCKET_DROPDOWN_DIRECTION_R": "右",
	"SS_BLOCK_POCKET_DROPDOWN_DIRECTION_L": "左",
	"SS_BLOCK_POCKET_DROPDOWN_FL": "左前",
	"SS_BLOCK_POCKET_DROPDOWN_FR": "右前",
	"SS_BLOCK_POCKET_DROPDOWN_RED": "赤",
	"SS_BLOCK_POCKET_DROPDOWN_GREEN": "緑",
	"SS_BLOCK_POCKET_DROPDOWN_BLUE": "青",
	"SS_BLOCK_POCKET_DROPDOWN_R": "R",
	"SS_BLOCK_POCKET_DROPDOWN_G": "G",
	"SS_BLOCK_POCKET_DROPDOWN_B": "B",
	"SS_BLOCK_POCKET_DROPDOWN_C": "C",
	"SS_BLOCK_POCKET_GET_INTENSITY_ALL": "すべての光電センサーから光の強さを取得する",
	"SS_BLOCK_POCKET_GET_DISTANCE_ALL": "すべての超音波センサーから距離を取得する",
	"SS_BLOCK_POCKET_GET_COLOR_ALL": "すべてのカラーセンサーから色情報を取得する",
	"SS_BLOCK_POCKET_GET_LR_SPEED_ALL": "左と右の車輪の速度を取得する",
	"SS_BLOCK_POCKET_GETTURNANGLE_2": "回転角を取得する %1 %2",
	"SS_BLOCK_POCKET_GETMINDISTANCE": "最小距離を取得する",
	"SS_BLOCK_POCKET_INTENSITY_DETECT": "光の強さ %1 %2 %3",
	"SS_BLOCK_POCKET_PID": "PID %1",
	"SS_BLOCK_POCKET_LIGHTTRACKWITHPID": "PID制御 光電センサーライントレース %1 %2 %3 %4 %5 %6 %7",
	"SS_BLOCK_POCKET_WHEREISIT": "障害物の位置を取得する %2 %1",
	"SS_BLOCK_POCKET_LIGHTONCOLORFULLINE": "カラーライントレース: %1 %2 %3 %4 %5 %6",
	"SS_BLOCK_PRIME_LOADIMG": "画像%1を読み込む",
	"SS_BLOCK_PRIME_ALIGNFACE": "画像%1の中の正面の顔",
	"SS_BLOCK_PRIME_GETFACEFEATURE": "顔%1から特徴量を取得する",
	"SS_BLOCK_PRIME_DECODE": "特徴量%1を画像にデコードする",
	"SS_BLOCK_PRIME_IMREAD": "画像%1を読み込む",
	"SS_BLOCK_PRIME_GETGENDER": "画像%1の中の顔画像の性別を取得する",
	"SS_BLOCK_PRIME_LOADIMG3": "画像%1を読み込む",
	"SS_BLOCK_PRIME_DETECTFACE": "画像%1から顔を検出する",
	"SS_BLOCK_PRIME_LOADIMGFROMURL": "URL%1から画像を取得する",
	"SS_BLOCK_PRIME_GETAGENT": "エージェントを取得する",
	"SS_BLOCK_PRIME_SHOWPROBLEM": "エージェント%1から問題%2を取得する",
	"SS_BLOCK_PRIME_RECORDVOICE": "録音を開始する",
	"SS_BLOCK_PRIME_RECVOICE": "音声認識を行う %1",
	"SS_BLOCK_PRIME_CHECKPROBLEMANSWER": "回答%3でエージェント%1の問題%2を確認する",
	"SS_BLOCK_PRIME_SWAPFACE": "%1 と %2の顔を取り替える",
	"SS_BLOCK_PRIME_GETDATABASE": "データベースを取得する",
	"SS_BLOCK_PRIME_GETLITTLESTAR": "きらきら星を取得する",
	"SS_BLOCK_PRIME_GENMUSIC": "長さ%1、類似度%2の音楽を生成します",
	"SS_BLOCK_PRIME_GETMUSICFROMDIGITS": "数字譜%1を画像に変換する",
	"SS_BLOCK_PRIME_FINDSIMILAR": "データベース%1内で、%2と同様のスペクトルを持つ音楽を見つける",
	"SS_BLOCK_PRIME_GETFEATURE": "画像%1の正方形%2から特徴量を取得する",
	"SS_BLOCK_PRIME_CROPFACE": "画像%1の正方形%2からROIを取得する",
	"SS_BLOCK_PRIME_CLUSTERFACE": "特徴量リスト%1をクラスター化する",
	"SS_BLOCK_PRIME_LOADBOARDIMG": "チェッカーボード画像を読み込む",
	"SS_BLOCK_PRIME_FINDBOARDCORNERS": "画像%1からチェッカーボードのキーポイントを抽出する",
	"SS_BLOCK_PRIME_GETMAP": "ランダムマップを生成する",
	"SS_BLOCK_PRIME_DISTANCE": "マップ%1の点%2から点%3までの距離を取得する",
	"SS_BLOCK_PRIME_FACEBEAUTY": "画像%1を編集モードに変更する",
	"SS_BLOCK_PRIME_WHITENSKIN": "画像%1の顔画像を%2段階だけ肌を白くする",
	"SS_BLOCK_PRIME_DERMABRASION": "画像%1の顔画像を%2段階だけ肌を綺麗にする",
	"SS_BLOCK_PRIME_BOKEH": "画像%1を%2段階だけぼかす",
	"SS_BLOCK_PRIME_GETQUESTION": "質問を取得する",
	"SS_BLOCK_PRIME_ETRECOMMEND": "質問%1について推奨案を取得する",
	"SS_BLOCK_PRIME_IMSHOW": "画像%1を表示する",
	"SS_BLOCK_PRIME_PRINTLENGTH": "特徴量%1の長さを取得する",
	"SS_BLOCK_PRIME_SHOWVECTOR": "ベクトル%1を表示",
	"SS_BLOCK_PRIME_BLEND": "%1から%2に移行した画像を表示する",
	"SS_BLOCK_PRIME_IMSHOWWITHRECTS": "バウンディングボックス%2とともに画像%1を表示する",
	"SS_BLOCK_PRIME_MP3WRITE": "音楽%1を保存する",
	"SS_BLOCK_PRIME_PLAYMUSIC": "%1に保存されている音楽を再生する",
	"SS_BLOCK_PRIME_IMSHOWTHUMBNAIL": "画像リスト%1のサムネイルを表示する",
	"SS_BLOCK_PRIME_DRAWCORNERS": "画像%1の検出結果%2に応じてキーポイントを描画する",
	"SS_BLOCK_PRIME_RUNBOARD": "メインプログラムを実行",
	"SS_BLOCK_PRIME_SHOWMAP": "マップ%1を表示する",
	"SS_BLOCK_PRIME_VISUALIZE": "視覚的なリスト",
	"SS_BTN_OK": "OK",
	"SS_BTN_CANCEL": "キャンセル",
	"SS_BLOCK_PRIM3_IMSHOW": "画像%1を表示する",
	"SS_BLOCK_PRIM3_SHOWINLINE": "画像リスト%1を一直線に表示する",
	"SS_BLOCK_PRIM3_TRAINLINEARCLASSIFIER": "特徴量%2とラベル%3で学習したモデル%1",
	"SS_BLOCK_PRIM3_PLAYIMGS": "画像リスト%1を%2FPSで再生する",
	"SS_BLOCK_PRIM3_TRACKING": "追跡する画像リスト %1, バウンディングボックスの初期位置 %2, コンフィグ %3",
	"SS_BLOCK_PRIM3_SHOWFEATURE": "モデル%1の特徴量を表示する",
	"SS_BLOCK_PRIM3_SHOWWITHRECTS": "画像%1におけるバウンディングボックス%2を表示する",
	"SS_BLOCK_PRIM3_COMPARE": "特徴量%1と特徴量%2をしきい値%3で比較する",
	"SS_BLOCK_PRIM3_DETECTFACE": "画像%1の中から顔を検出する",
	"SS_BLOCK_PRIM3_EXTRACTFEATURE": "画像%1のバウンディングボックス%2の中から",
	"SS_BLOCK_PRIM3_LOADIMG": "パス%1から画像を読み込む",
	"SS_BLOCK_PRIM3_LOADIMGFROMURL": "URL%1から画像を読み込む",
	"SS_BLOCK_PRIM3_TAKEPHOTO": "写真を撮る",
	"SS_BLOCK_PRIM3_CLASSIFY": "画像%1を分類する",
	"SS_BLOCK_PRIM3_GETCLASSIFIER": "分類器を取得する",
	"SS_BLOCK_PRIM3_ADDRECT2IMG": "画像%1の中に色のリスト%3の%4番目の色で長方形%2を描画する",
	"SS_BLOCK_PRIM3_CROPIMG": "画像%1から長方形%2の中にある画像を切り出す",
	"SS_BLOCK_PRIM3_DETECT": "モデル%2を使って、画像%1がクラス%3の中のどれにあたるか検出する",
	"SS_BLOCK_PRIM3_GETDETECTIONMODEL": "検出モデルを取得する",
	"SS_BLOCK_PRIM3_RUNSYSTEM": "データセット%1、しきい値%2、自動停止%3で実行する",
	"SS_BLOCK_PRIM3_EXTRACTHOGFEATURE": "画像リスト%1からHOG特徴量を取得する",
	"SS_BLOCK_PRIM3_GETLINEARCLASSIFIER": "線形分類器を取得する",
	"SS_BLOCK_PRIM3_LOADIMGSFROMFOLDER": "フォルダ%1から画像を読み込む",
	"SS_BLOCK_PRIM3_TESTLINEARCLASSIFIER": "モデル%1を使って特徴量%2を予測する",
	"SS_BLOCK_PRIM3_DETECTIONFUNC": "画像%1で検出を実行し、バウンディングボックスを描画する",
	"SS_BLOCK_PRIM3_GETVIDEOCONTENT": "関数%2を使って動画%1から検出結果を取得する",
	"SS_BLOCK_PRIM3_GETVIDEOINFO": "動画%1に関する情報を取得する",
	"SS_BLOCK_PRIM3_RECORDVIDEO": "録画する",
	"SS_BLOCK_PRIM3_SELECTRECT": "画像%1からバウンディングボックスを選択する",
	"SS_BLOCK_PRIM3_ADD2DATASET": "データセット%1に%2という名前で特徴量%3を追加する",
	"SS_BLOCK_PRIM3_GETEMPTYDICT": "空の辞書を生成する",
	"SS_BLOCK_PRIM3_GETFEATURE": "データセット%1から%2という名前の特徴量を取得する",
	"SS_BLOCK_PRIM3_COPYIMG": "画像%1をコピーする",
	"SS_BLOCK_PRIM3_GETRECTINF": "バウンディングボックス%1の座標%2を取得する",
	"SS_BLOCK_PRIM3_FINDMAXFACE": "検出結果%1から最大のバウンディングボックスを取得する",
	"SS_BLOCK_PRIM3_SELECTMAXFACE": "画像%1に最大のバウンディングボックスを描画する",
	"SS_BLOCK_PRIM3_MAXNUM": "%1と%2の間の最大値を取得する",
	"SS_BLOCK_PRIM3_DROPDOWN_LEFT": "左",
	"SS_BLOCK_PRIM3_DROPDOWN_RIGHT": "右",
	"SS_BLOCK_PRIM3_DROPDOWN_TOP": "上",
	"SS_BLOCK_PRIM3_DROPDOWN_BOTTOM": "下",
	"SS_BLOCK_PRIM_GETFASTESTROAD": "マップ%1中からの最短経路を取得する",
	"SS_BLOCK_PRIM_GETANSWER": "回答%1のフィードバックを取得する",
	"SS_BLOCK_PRIME_SETALBUM": "関数%1、分類結果%2に基づいて、画像%3をアルバムに追加する",
	"SS_BLOCK_PRIM4_IMAGETOTEXT": "画像%1の説明文を生成する",
	"SS_BLOCK_PRIM4_IMAGETOTEXTURL": "画像%1の説明文を生成する",
	"SS_BLOCK_PRIM4_PLOTSCATTER": "データ%1を散布図にプロットする",
	"SS_BLOCK_PRIM4_CHECKAUTHENTICITY": "データ%2がモデル%1と一致するか確認する",
	"SS_BLOCK_PRIM4_GETIMAGE": "モデル%1からデータ%2の画像を描画する",
	"SS_BLOCK_PRIM4_IMSHOW": "画像%1を表示する",
	"SS_BLOCK_PRIM4_PRINTLENGTH": "特徴量の長さを%1表示する",
	"SS_BLOCK_PRIM4_SHOWVECTOR": "ベクトル%1を表示する",
	"SS_BLOCK_PRIM4_BLEND": "%1から%2に変換した画像を表示する",
	"SS_BLOCK_PRIM4_INFER": "モデル%1とデータ%2から画像を生成する",
	"SS_BLOCK_PRIM4_FEATUREWALKING": "モデル%1から特性歩行画像を生成する",
	"SS_BLOCK_PRIM4_MP3WRITE": "音楽を保存%1",
	"SS_BLOCK_PRIM4_PLAYMUSIC": "音楽%1を再生",
	"SS_BLOCK_PRIM4_GETSTICKER": "4つの点 %2 %3 %4 %5をつかって感情%6の絵文字%1を生成する",
	"SS_BLOCK_PRIM4_GETRANDOMWORD": "%1から長さ%2のテキストを取得する",
	"SS_BLOCK_PRIM4_GETCONTXTWORD": "subject%1、predicate%1、objective%1から文章を作成する",
	"SS_BLOCK_PRIM4_GETMODEL": "モデルを読み込む",
	"SS_BLOCK_PRIM4_GETNEXTWORD": "モデル%1から%2の次の単語を取得する",
	"SS_BLOCK_PRIM4_PREDICTSENTENCE": "モデル%1から文章%2を取得する",
	"SS_BLOCK_PRIM4_LISTNEXTWORD": "モデル%1から%2の次の3単語を取得する",
	"SS_BLOCK_PRIM4_LOADDATA": "データを読み込む",
	"SS_BLOCK_PRIM4_TRAINMODEL": "データ%1を使ってモデルを学習する",
	"SS_BLOCK_PRIM4_GETSAMPLE": "モデル%1からサンプルデータ%2を取得する",
	"SS_BLOCK_PRIM4_LOADIMG": "画像を読み込む %1",
	"SS_BLOCK_PRIM4_LOADIMGFROMURL": "URLから画像を読み込む %1",
	"SS_BLOCK_PRIM4_ALIGNFACE": "画像の中の正面の顔 %1 %1",
	"SS_BLOCK_PRIM4_GETFACEFEATURE": "顔%1から特徴量を取得する",
	"SS_BLOCK_PRIM4_DECODE": "特徴量 %1 を画像にデコードする",
	"SS_BLOCK_PRIM4_RANDOMGENERATE": "長さ%1のランダムなデータを生成する",
	"SS_BLOCK_PRIM4_LISTSLICING": "リスト%1の%2番目から%3番目までの要素を取得する",
	"SS_BLOCK_PRIM4_LISTADDING": "リスト%1とリスト%2を連結させる",
	"SS_BLOCK_PRIM4_LOADMNISTMODEL": "手書き数字認識モデルを読み込む",
	"SS_BLOCK_PRIM4_GENERATENOISE": "モデル%1からノイズを生成する",
	"SS_BLOCK_PRIM4_GETLITTLESTAR": "キラキラ星の音楽データを取得する",
	"SS_BLOCK_PRIM4_GENMUSIC": "長さ%1、類似度%2の音楽データを取得する",
	"SS_BLOCK_PRIM4_GETMUSICFROMDIGITS": "数字譜%1を画像に変換する",
	"SS_BLOCK_PRIM4_CONTINUEMUSIC": "%3に基づいて、長さ%1、類似度%2の音楽を生成する",
	"SS_BLOCK_PRIM4_GETEMOJIDATA": "パス%1から絵文字画像を読み込む",
	"SS_BLOCK_PRIM4_GETEMOJIDATAFROMURL": "URLから絵文字画像%1を読み込む",
	"SS_BLOCK_PRIM4_DETECTKEYPOINTS": "画像%1のキーポイントを検出する",
	"SS_BLOCK_PRIM4_DRAWPOINTS": "点%2を画像%1に描画する",
	"SS_BLOCK_PRIM4_STYLETRANSFER": "画像%1をスタイル%2に変換する",
	"SS_BLOCK_PRIM3_SETDICTVALUE": "辞書%1のキー%2の値を%3に設定する",
	"SS_BLOCK_VCAR_MULTI_LIGHT": "line-following with multiple photoelectric sensors %1 %2 %3",
	"SS_PRIM1_IMSHOW": "display image %1",
	"SS_PRIM1_PRINT_LENGTH": "print feature length %1",
	"SS_PRIM1_ADD_IMAGE": "for visualizer %1, add image %2, feature %3, and its name %4",
	"SS_PRIM1_FIT_TRANSFORM": "fit model %1 and transform features",
	"SS_PRIM1_SHOW_VISUALIZE": "show model %1 by %2",
	"SS_PRIM1_VISUALIZE_IMAGE": "visualize transformed images based on features and model %1",
	"SS_PRIM1_TRANSFORM": "transform features for visualizer %1, image %2, feature %3, and name %4",
	"SS_PRIM1_GET_FRUIT_RESULT": "print result from model %1",
	"SS_PRIM1_SHOW_HOG": "show HOG feature %1",
	"SS_PRIM1_PLAYMUSIC": "play music from %1",
	"SS_PRIM1_SHOW_WITH_RECT": "display image %1 with frame %2",
	"SS_PRIM1_THUMBNAIL": "display thumbnail image %1",
	"SS_PRIM1_DRAWCORNERS": "use detection result %2 to draw keypoints on image %1",
	"SS_PRIM1_RUN": "run program",
	"SS_PRIM1_SHOWMAP": "show map %1",
	"SS_PRIM1_FILTER_WHITENING_SKIN": "whiten image %1 by %2 degrees",
	"SS_PRIM1_FILTER_DERMABRASION": "correct image %1 by %2 degrees",
	"SS_PRIM1_FILTER_BOKEH": "blur image %1 background by %2 degrees",
	"SS_PRIM1_GETQUESTION": "get questions",
	"SS_PRIM1_GETRECOMMEND": "get recommendations based on %1",
	"SS_PRIM1_VISUALIZE": "see products",
	"SS_PRIM1_PLOTVOICE": "plot waveform",
	"SS_PRIM1_LOAD_IMAGE": "load image from %1",
	"SS_PRIM1_LOAD_IMAGE_URL": "load URL image from %1",
	"SS_PRIM1_GET_FACE_FEATURE": "get feature %1",
	"SS_PRIM1_GET_VISUALIZER": "get visualizer",
	"SS_PRIM1_VISUALIZE_POINTS": "get scatterplot from visualizer %1",
	"SS_PRIM1_VISUALIZE_EDGES": "get line plot from visualizer %1 and link points exceeding a %2 similarity threshold",
	"SS_PRIM1_COMBINE_PLOTS": "combine plots %1 and %2",
	"SS_PRIM1_GET_FRUIT_DETECTOR": "identify fruit",
	"SS_PRIM1_DETECT_FRUIT": "use model %1 to detect fruit from image %2",
	"SS_PRIM1_DRAW_RECT": "mark detected fruit %1 on image %2",
	"SS_PRIM1_GET_HOG": "get HOG feature from %1",
	"SS_PRIM1_BLOCK_IMAGE": "obscure image %1",
	"SS_PRIM1_GET_EMOTION_RECOGNIZER": "get emotion recognizer",
	"SS_PRIM1_RECOGNIZE_EMOTION": "use model %1 to recognize emotion in image %2",
	"SS_PRIM1_GETAGENT": "get agent",
	"SS_PRIM1_SHOWPROBLEM": "get problem %2 from agent %1",
	"SS_PRIM1_RECORDVOICE": "start recording",
	"SS_PRIM1_CHECK": "check problem %2 from agent %1 with the answer %3",
	"SS_PRIM1_SWAP_FACE": "swap faces between %1 and %2",
	"SS_PRIM1_GETDATABASE": "get database",
	"SS_PRIM1_GETLITTLESTAR": "get Twinkle Twinkle song",
	"SS_PRIM1_GENMUSIC": "generate music with a length of %1 and similarity of %2",
	"SS_PRIM1_MP3WRITE": "save music %1",
	"SS_PRIM1_FINDSIMILAR": "find similar tracks in database %1 with spectrum %2",
	"SS_PRIM1_GETMUSICFROMDIGITS": "transform notation %1 into music",
	"SS_PRIM1_GET_CLUSTER": "get cluster model",
	"SS_PRIM1_CLUSTER_FACE": "use model %1 to cluster images %2",
	"SS_PRIM1_GET_RECT": "use model %1 to obtain facial images %2",
	"SS_PRIM1_CROP": "crop faces in images %1 for result %2",
	"SS_PRIM1_SET_ALBUM": "set album result %1 and face %2",
	"SS_PRIM1_LOADBOARDIMG": "load checkerboard image",
	"SS_PRIM1_FINDBOARDCORNERS": "detect checkerboard keypoints in image %1",
	"SS_PRIM1_GETMAP": "generate a random map",
	"SS_PRIM1_GETFASTESTROAD": "obtain the fastest route %1",
	"SS_PRIM1_FACEBEAUTY": "convert image %1 into editable mode",
	"SS_PRIM1_GETANSWER": "answers %1",
	"SS_PRIM3_GET_NET_HANDLE": "get cat-rabbit detector model",
	"SS_PRIM3_GET_CLASSIFIER": "get cat-rabbit classification model",
	"SS_PRIM3_LOAD_IMAGE_FOLDER": "load images from folder %1",
	"SS_PRIM3_GET_ANIMAL_FEATURE": "use model %1 to extract features from %2",
	"SS_PRIM3_COMBINE_DATASET": "combine data set %1 and %2",
	"SS_PRIM3_TRAIN": "use model %1, feature %2, and label %3 to train",
	"SS_PRIM3_PREDICT": "use model %1 and feature %2 to predict",
	"SS_PRIM3_GET_HOG": "get HOG feature from %1",
	"SS_PRIM3_SHOW_HOG": "show HOG feature %1",
	"SS_PRIM4_IMAGETOTEXT": "capture image %1",
	"SS_PRIM4_IMAGETOTEXTURL": "capture image %1",
	"SS_PRIM4_PLOTSCATTER": "draw scatterplot of data %1",
	"SS_PRIM4_CHECKAUTHENTICITY": "check if data %2 fits in model %1",
	"SS_PRIM4_GETIMAGE": "draw data %2 from model %1",
	"SS_PRIM4_IMSHOW": "display image %1",
	"SS_PRIM4_PRINTLENGTH": "print feature length of %1",
	"SS_PRIM4_SHOWVECTOR": "show vector %1",
	"SS_PRIM4_BLEND": "display transitional images from %1 to %2",
	"SS_PRIM4_INFER": "generate image from model %1 and data %2",
	"SS_PRIM4_FEATUREWALKING": "generate morphing image with model %1",
	"SS_PRIM4_PLAYMUSIC": "play music from %1",
	"SS_PRIM4_GETSTICKER": "use point %2, point %3, point %4, point %5, and mood %6 to make animated GIF %1",
	"SS_PRIM4_SHAPE": "show height and face for %1",
	"SS_PRIM4_JUDGE": "evaluate the position of the nose in %1",
	"SS_PRIM4_GETRANDOMWORD": "generate text with length %2 from %1",
	"SS_PRIM4_GETCONTXTWORD": "make a sentence with subject %1, verb %2, and object %3",
	"SS_PRIM4_LOADMODEL": "load model",
	"SS_PRIM4_GETNEXTWORD": "generate word after %2 from %1",
	"SS_PRIM4_PREDICTSENTENCE": "generate a sentence with model %1 and word %2",
	"SS_PRIM4_LISTNEXTWORD": "list next potential words with model%1 and word %2",
	"SS_PRIM4_LOADDATA": "load data",
	"SS_PRIM4_TRAINMODEL": "train model %1",
	"SS_PRIM4_GETSAMPLE": "generate %2 groups of data from model %1",
	"SS_PRIM4_LOADIMG": "load image from %1",
	"SS_PRIM4_LOADIMGFROMURL": "load URL image from %1",
	"SS_PRIM4_ALIGNFACE": "align face in image %1",
	"SS_PRIM4_GETFACEFEATURE": "extract facial feature from %1",
	"SS_PRIM4_DECODE": "decode feature %1 into an image",
	"SS_PRIM4_RANDOMGENERATE": "generate random data with length %1",
	"SS_PRIM4_LISTSLICING": "slice %1 from %2 to %3",
	"SS_PRIM4_LISTADDING": "combine list %1 and list %2",
	"SS_PRIM4_LOADMNISTMODEL": "load handwritten recognition model",
	"SS_PRIM4_GENERATENOISE": "generate noise with model %1",
	"SS_PRIM4_GETLITTLESTAR": "get Twinkle Twinkle song",
	"SS_PRIM4_GENMUSIC": "generate music with a length of %1 similarity of %2",
	"SS_PRIM4_MP3WRITE": "save music %1",
	"SS_PRIM4_GETMUSICFROMDIGITS": "transform notation %1 into music",
	"SS_PRIM4_CONTINUEMUSIC": "generate music with a length %1 and similarity of %2 based on %3",
	"SS_PRIM4_GETEMOJIDATA": "load face image from %1",
	"SS_PRIM4_GETEMOJIDATAFROMURL": "load URL face image from %1",
	"SS_PRIM4_DETECTKEYPOINTS": "detect keypoints in %1",
	"SS_PRIM4_DRAWPOINTS": "draw keypoints %2 on image %1",
	"SS_PRIM4_GET_TRANSFERER": "get style transfer model",
	"SS_PRIM4_TRANSFORM_STYLE": "transfer style %3 into image %2 using model %1",
	"SS_PRIM4_PUTNOSE": "place nose on (%1, %2) in the image",
	"SS_PRIM4_GENERATE": "generate coordinate %1 of the position of the nose",
	"SS_PRIM5_PLOT": "draw waveform of %1",
	"SS_PRIM5_PLAY_VOICE": "play voice from %1",
	"SS_PRIM5_GO_STRAIGHT_LITE": "go straight gently",
	"SS_PRIM5_GO_STRAIGHT": "go straight",
	"SS_PRIM5_STOP_LITE": "stop gently",
	"SS_PRIM5_STOP": "stop",
	"SS_PRIM5_TURN_LEFT_LITE": "turn slightly left",
	"SS_PRIM5_TURN_LEFT": "turn left",
	"SS_PRIM5_TURN_RIGHT_LITE": "turn slightly right",
	"SS_PRIM5_TURN_RIGHT": "turn right",
	"SS_PRIM5_SHOW_HDMAP": "display the HD Map",
	"SS_PRIM5_GO_STRAIGHT_WITH_UNCERTAINTY": "go straight with uncertainty",
	"SS_PRIM5_FIX_ERROR": "fix error %1 and %2",
	"SS_PRIM5_SHOW_MAP": "show the map",
	"SS_PRIM5_RECORD_AUDIO": "input voice for a duration of %1 seconds",
	"SS_PRIM5_RECOG_AUDIO": "speech recognition for %1 wav file",
	"SS_PRIM5_SHOW_POETRY": "load and show the poetry library",
	"SS_PRIM5_CHOOSE_POETRY": "select %1 from poetry library %2",
	"SS_PRIM5_SENSE": "get sensor data",
	"SS_PRIM5_GET_PROB": "input the position %1 and sensor data %2 to get the probability of the car in this position",
	"SS_PRIM5_GET_POSITION": "get location data",
	"SS_PRIM5_GET_ANGLE": "get angle data",
	"SS_PRIM5_FIND_PATH": "get the path planning result from %1 to %2",
	"SS_PRIM5_GET_DIRECTION": "get directions %1, %2, %3",
	"SS_PRIM5_GET_SENSOR_CONTENT": "get single sensor values %1, %2, %3",
	"SS_PRIM6_IMSHOW": "show image %1 in output area",
	"SS_PRIM6_SHOW": "show image %1",
	"SS_PRIM6_SHOW_GRAPH": "show graph %1",
	"SS_PRIM6_PAGERANK": "get the pagerank score%1",
	"SS_PRIM6_ADD_EDGE": "add edge in net %1 between %2 and %3",
	"SS_PRIM6_SHOW_GOOD": "show images of good items",
	"SS_PRIM6_SHOW_ALL": "show images of all items",
	"SS_PRIM6_SHOW_DIFF": "show difference of %1 and %2",
	"SS_PRIM6_ZOOM_IN": "zoom in at (%2,%3) of figure %1",
	"SS_PRIM6_PASSING": "passing word %2 from word list %1",
	"SS_PRIM6_BLOCK": "block word %2 from word list %1",
	"SS_PRIM6_DROP_NA": "delete wrong data in %1",
	"SS_PRIM6_STORM_GET_IMAGE": "get image from camera",
	"SS_PRIM6_STORM_SHOW_IMAGE": "show %1 image",
	"SS_PRIM6_STORM_BEEP": "beep",
	"SS_PRIM6_STORM_SLEEP": "sleep %1 seconds",
	"SS_PRIM6_STORM_GO": "left wheel %1, right wheel %2, move %3 seconds",
	"SS_PRIM6_STORM_RUN": "left wheel %1, right wheel %2, move %3 seconds",
	"SS_PRIM6_STORM_EMSSION": "emssion at %1",
	"SS_PRIM6_STORM_LIFT": "lift",
	"SS_PRIM6_STORM_OPEN_DOOR": "open_door",
	"SS_PRIM6_STORM_CLOSE_DOOR": "close_door",
	"SS_PRIM6_STORM_GET_INTENSITY": "get intensity at %1",
	"SS_PRIM6_STORM_GET_DISTANCE": "get distance at %1",
	"SS_PRIM6_STORM_LAY_DOWN": "lay_down",
	"SS_PRIM6_STORM_SPRAY_WATER_POWERFUL": "spray water powerful",
	"SS_PRIM6_STORM_SPRAY_WATER_MILD": "spray water mild",
	"SS_PRIM6_STORM_CONTROL_BED_ANGLE": "rotate bed %1",
	"SS_PRIM6_STORM_CONTROL_LIFT_BED": "lift bed",
	"SS_PRIM6_STORM_CONTROL_LAY_DOWN_BED": "lay down bed",
	"SS_PRIM6_STORM_AUTO_RESIDUAL_TRASH_CAN": "auto open and close residual trash can",
	"SS_PRIM6_STORM_CLOSE_RESIDUAL_TRASH_CAN": "close residual trash can",
	"SS_PRIM6_STORM_AUTO_HOUSEHOLD_TRASH_CAN": "auto open and close household trash can",
	"SS_PRIM6_STORM_CLOSE_HOUSEHOLD_TRASH_CAN": "close household trash can",
	"SS_PRIM6_STORM_COLLECT_RESIDUAL_WASTE": "collect residual waste",
	"SS_PRIM6_STORM_COLLECT_HOUSEHOLD_WASTE": "collect household waste",
	"SS_PRIM6_STORM_COLLECT_RESIDUAL_WASTE_URL": "collect residual waste from url %1",
	"SS_PRIM6_STORM_COLLECT_HOUSEHOLD_WASTE_URL": "collect household waste from url %1",
	"SS_PRIM6_STORM_SHOW_RESIDUAL_WASTE": "show residual waste",
	"SS_PRIM6_STORM_SHOW_HOUSEHOLD_WASTE": "show household waste",
	"SS_PRIM6_STORM_IMSHOW_RESIDUAL_WASTE": "show residual waste in output area",
	"SS_PRIM6_STORM_IMSHOW_HOUSEHOLD_WASTE": "show household waste in output area",
	"SS_PRIM6_STORM_TRAIN_TRASH_MODEL": "train trash model",
	"SS_PRIM6_LOAD_IMAGE_URL": "load image from url %1",
	"SS_PRIM6_LOAD_IMAGE": "Load image %1",
	"SS_PRIM6_SHOPPING": "scan the goods %1",
	"SS_PRIM6_GENERATE_ITEM": "generate the %1th item randomly",
	"SS_PRIM6_CHOSE_ITEM": "chose item%1",
	"SS_PRIM6_PREDICT": "detect airplane in %1",
	"SS_PRIM6_ADD_RECT": "add rect %1 on %2",
	"SS_PRIM6_GET_LIST": "get path list from %1",
	"SS_PRIM6_GET_DICT": "get dictionary of word frequency according to %2 from %1",
	"SS_PRIM6_INIT_MODEL": "initial the model from %1，%2，%3，%4",
	"SS_PRIM6_GET_TEST_WORDS": "get the list of word and its probability to be in a spam email from %1 and %2",
	"SS_PRIM6_CALCULATE_BAYES": "calculate the probability of spam email from %1",
	"SS_PRIM6_GET_TXT": "get the word from %1",
	"SS_PRIM6_READ_TABEL": "read tabel from %1",
	"SS_PRIM6_NP_ARRAY": "transfer %1 to a numpy array",
	"SS_PRIM6_NP_CLIP": "clip array %1 in range (%2,%3)",
	"SS_PRIM6_FIT_TRANSFORM": "transform %1 to features with principle components",
	"SS_PRIM6_KMEANS_CLUSTER": "cluster %2 to %1 classes",
	"SS_PRIM6_GET_LABELS": "get labels in the cluster %1",
	"SS_PRIM6_NP_WHERE": "find the index where %1 is equal to %2",
	"SS_PRIM6_GET_ID": "get the class id of %2 from cluster list %1",
	"SS_PRIM6_STORM_GET_LIGHT": "get %1 light",
	"SS_PRIM6_STORM_GET_WIDTH": "get green block width in %1",
	"SS_PRIM6_STORM_CLASSIFY_DIGITS": "classify digits in %1",
	"SS_PRIM6_STORM_CLASSIFY_IMAGE": "classify objects in %1",
	"SS_PRIM6_STORM_DETECT_EYE_STATE": "detect %1 eye state",
	"SS_PRIM6_STORM_DETECT_HEAD_ANGLE": "detect %1 head angle",
	"SS_PRIM6_STORM_CLASSIFY_TRASH": "classify trash in %1",
	"SS_PRIM6_STORM_GET_TRASH_MODEL": "get trash model",
	"SS_PRIM6_STORM_TRASH_MODEL_PREDICT": "predict trash in %1",
	"SS_PRIM6_GET_PRICE": "print shopping receipt of %1",
	"SS_PRIM6_GET_GRAPH": "get net graph with parameter(%1,%2)",
	"SS_PRIM6_DISJOINT_UNION": "disjoint union two nets %1,%2",
	"SS_PRIM6_CUT_WORD": "cut word for %1",
	"SS_PRIM6_WORD_CLOUD": "show word cloud of %1 with parameter %2",
	"SS_PRIM6_STORM_MOTOR_A_RUN_TIME": "motor A run %2 seconds at %1",
	"SS_PRIM6_STORM_MOTOR_C_RUN_TIME": "motor C run %2 seconds at %1",
	"SS_PRIM6_STORM_MOTOR_B_RUN_TIME": "motor B run %2 seconds at %1",
	"SS_PRIM6_STORM_MOTOR_D_RUN_TIME": "motor D run %2 seconds at %1",
	"SS_PRIM6_GET_RESULT": "get the result %2 from %1",
	"SS_PRIM6_DIVIDE_DATA": "divide %1 to get the data for predict",
	"SS_PRIM6_DIVIDE_LABEL": "divide %1 to get the recommand result",
	"SS_PRIM6_CONCAT_STRING": "concat string %1，number %2 and string %3",
	"SS_PRIM6_SQUARE_SUM": "get the square sum of diffent %1",
	"SS_PRIM6_GRAY": "get the gray scale image of %1",
	"SS_PRIM1_NOLOCAL_SPEECHRECOG": "recognize words from file %1",
	"SS_PRIM1_NOLOCAL_PLAYAUDIO": "play audio from file %1",
	"SS_PRIM1_NOLOCAL_ARONIMAGE": "generate AR image on %1",
	"SS_PRIM1V1_IMSHOW": "display image %1",
	"SS_PRIM1V1_LOAD_IMAGE": "load image from %1",
	"SS_PRIM1V1_LOAD_IMAGE_URL": "load URL image from %1",
	"SS_PRIM1V1_LOAD_IMAGE_ANIMAL": "load image %2 of animal %1",
	"SS_PRIM1V1_LOAD_IMAGE_PLANT": "load image %2 of plant %1",
	"SS_PRIM1V1_LOAD_IMAGE_FRUITANDVEGETABLE": "load image %2 of fruits and vegetables %1",
	"SS_PRIM1V1_RECOGNIZE_ANIMAL": "recognize animal in image %1",
	"SS_PRIM1V1_RECOGNIZE_PLANT": "recognize plant in image %1",
	"SS_PRIM1V1_RECOGNIZE_FRUITANDVEGETABLE": "recognize fruits and vegetables in image %1",
	"SS_PRIM1V1_THUMBNAIL": "display thumbnail image %1",
	"SS_PRIM1V1_FILTER_WHITENING_SKIN": "whiten image %1 by %2 degrees",
	"SS_PRIM1V1_FILTER_DERMABRASION": "correct image %1 by %2 degrees",
	"SS_PRIM1V1_FILTER_BOKEH": "blur image %1 background by %2 degrees",
	"SS_PRIM1V1_LOAD_CLUSTER_DATA": "load cluster data",
	"SS_PRIM1V1_GETQUESTION": "get question %1",
	"SS_PRIM1V1_GETRECOMMEND": "get recommendations based on %1",
	"SS_PRIM1V1_VISUALIZE": "see products",
	"SS_PRIM1V1_BLOCK_IMAGE": "obscure image %1 with position %2",
	"SS_PRIM1V1_RECOGNIZE_EMOTION": "recognize emotion in image %1",
	"SS_PRIM1V1_SWAP_FACE": "swap faces between %1 and %2",
	"SS_PRIM1V1_GETDATABASE": "get database",
	"SS_PRIM1V1_GETLITTLESTAR": "get Twinkle Twinkle song",
	"SS_PRIM1V1_GENMUSIC": "generate music with a length of %1",
	"SS_PRIM1V1_MP3WRITE": "save music %1",
	"SS_PRIM1V1_PLAYMUSIC": "play music from %1",
	"SS_PRIM1V1_FINDSIMILAR": "find similar tracks in database %1 with spectrum %2",
	"SS_PRIM1V1_GETMUSICFROMDIGITS": "transform notation %1 into music",
	"SS_PRIM1V1_GETAGENT": "get agent",
	"SS_PRIM1V1_SHOWPROBLEM": "get problem %2 from agent %1",
	"SS_PRIM1V1_RECORDVOICE": "start recording",
	"SS_PRIM1V1_CHECK": "check problem %2 from agent %1 with answer %3",
	"SS_PRIM1V1_PLOTVOICE": "plot waveform",
	"SS_PRIM1V1_GET_CLUSTER": "get cluster model",
	"SS_PRIM1V1_CLUSTER_FACE": "use model %1 to cluster images %2",
	"SS_PRIM1V1_GET_RECT": "use model %1 to obtain facial images %2",
	"SS_PRIM1V1_SHOW_WITH_RECT": "display image %1 with frame %2",
	"SS_PRIM1V1_CROP": "crop faces in images %1 for result %2",
	"SS_PRIM1V1_SET_ALBUM": "set album result %1 and face %2",
	"SS_PRIM1V1_LOADBOARDIMG": "load checkerboard image",
	"SS_PRIM1V1_FINDBOARDCORNERS": "detect checkerboard keypoints in image %1",
	"SS_PRIM1V1_DRAWCORNERS": "use detection result %2 to draw keypoints on image %1",
	"SS_PRIM1V1_RUN": "run program",
	"SS_PRIM1V1_GETMAP": "generate a random map",
	"SS_PRIM1V1_SHOWMAP": "show map %1",
	"SS_PRIM1V1_GETFASTESTROAD": "obtain the fastest route %1",
	"SS_PRIM1V1_GETANSWER": "answers %1",
	"SS_PRIM1V2_FILTER_WHITENING_SKIN": "Whiten Image %1 by degree %2",
	"SS_PRIM1V2_FILTER_DERMABRASION": "Skinned Image %1 by degree %2",
	"SS_PRIM1V2_FILTER_BOKEH": "Bokeh Image %1 by degree %2",
	"SS_MENU_EXPORT_TO_LOCAL": "Export to Local",
	"SS_MENU_EXPORT_TO_FOLD": "Export to Fold",
	"SS_MENU_INPORT_FROM_LOCAL": "Import from Local",
	"SS_MENU_INPORT_FROM_FOLD": "Import from Fold",
	"SS_MENU_SELECT_FROM_FOLD": "Fold",
	"SS_MENU_SELECT_FROM_LOCAL": "Local",
	"SS_MENU_SELECT_FROM_CAMERA": "Camera",
	"SS_MENU_SELECT_FROM_MICROPHONE": "Microphone",
	"SS_MENU_SELECT_BLANK": "select",
	"SS_MENU_SELECT_TYPE_IMAGE": "image",
	"SS_MENU_SELECT_TYPE_AUDIO": "audio",
	"SS_MENU_SELECT_TYPE_VIDEO": "video",
	"SS_MENU_SELECT_TYPE_DATASET": "dataset",
	"SS_PRIMJPK_LOAD_AND_SHOW_IMAGE": "load and show image %1",
	"SS_PRIMJPK_IMAGE_RECOGNITION": "image recognition",
	"SS_PRIMJPK_LOAD_OCCLUDED_IMAGE": "load image %1 and block position %2",
	"SS_PRIMJPK_EMOTION_RECOGNITION": "emotion recognition",
	"SS_PRIMJPK_LOAD_AND_PLAY_VOICE": "load and play voice %1",
	"SS_PRIMJPK_DISPLAY_WAVEFORM": "display waveform",
	"SS_PRIMJPK_ROBOT_Q_AND_A": "robot Q & A %1",
	"SS_PRIMJPK_LOAD_IMAGE_NAMED": "load image %1 and named %2",
	"SS_PRIMJPK_SWAP_FACE": "swap face %1 with %2",
	"SS_PRIM_GUANGZHOU_LOAD_IMAGE": "load image %1",
	"SS_PRIM_GUANGZHOU_LOAD_IMAGE_URL": "load image feom url %1",
	"SS_PRIM_GUANGZHOU_IMSHOW": "show image %1",
	"SS_PRIM_GUANGZHOU_RECOG_RIPE_APPLE": "recognize fruits/vegitables from image %1",
	"SS_PRIM_GUANGZHOU_DRAW_RECT": "draw on %1 according to %2 and show",
	"SS_PRIM_GUANGZHOU_VCAR_OPENGATE2": "open gate NO.%1",
	"SS_PRIM_GUANGZHOU_VCAR_CLOSEGATE2": "close gate NO.%1",
	"SS_PRIM_GUANGZHOU_VCAR_OPENGATE": "open gate NO. %1",
	"SS_PRIM_GUANGZHOU_VCAR_CLOSEGATE": "close gate NO.%1"
}
