{
	"@metadata": {
		"author": "Ellen Spertus <ellen.spertus@gmail.com>",
		"locale": "en",
		"messagedocumentation" : "qqq"
	},
	"VARIABLES_DEFAULT_NAME": "變數",
	"TODAY": "今天",
	"DUPLICATE_BLOCK": "複製",
	"ADD_COMMENT": "加入註解",
	"REMOVE_COMMENT": "移除註解",
	"DUPLICATE_COMMENT": "Duplicate Comment",
	"EXTERNAL_INPUTS": "多行輸入",
	"INLINE_INPUTS": "單行輸入",
	"DELETE_BLOCK": "刪除積木",
	"DELETE_X_BLOCKS": "刪除 %1 個積木",
	"DELETE_ALL_BLOCKS": "刪除共 %1 個積木？",
	"CLEAN_UP": "整理積木",
	"COLLAPSE_BLOCK": "收合積木",
	"COLLAPSE_ALL": "收合積木",
	"EXPAND_BLOCK": "展開積木",
	"EXPAND_ALL": "展開積木",
	"DISABLE_BLOCK": "停用積木",
	"ENABLE_BLOCK": "啟用積木",
	"HELP": "幫助",
	"UNDO": "復原",
	"REDO": "重試",
	"CHANGE_VALUE_TITLE": "修改值：",
	"RENAME_VARIABLE": "重新命名變數...",
	"RENAME_VARIABLE_TITLE": "將所有「%1」變數重新命名為：",
	"NEW_VARIABLE": "建立變數...",
	"NEW_STRING_VARIABLE": "Create string variable...",
	"NEW_NUMBER_VARIABLE": "Create number variable...",
	"NEW_COLOUR_VARIABLE": "Create colour variable...",
	"NEW_VARIABLE_DROPDOWN": "New variable...",
	"NEW_VARIABLE_TYPE_DROPDOWN": "New %1 variable...",
	"NEW_VARIABLE_TYPE_TITLE": "New variable type:",
	"NEW_VARIABLE_TITLE": "新變數名稱：",
	"VARIABLE_ALREADY_EXISTS": "一個名為「%1」的變數已存在。 ",
	"VARIABLE_ALREADY_EXISTS_FOR_ANOTHER_TYPE": "用於其它「%2」類型的變數裡已存在名為「%1」的變數。 ",
	"DELETE_VARIABLE_CONFIRMATION": "刪除%1使用的「%2」變數？ ",
	"CANNOT_DELETE_VARIABLE_PROCEDURE": "無法刪除變數「%1」，因為這是功能「%2」定義的一部份內容",
	"DELETE_VARIABLE": "刪除變數「%1」",
	"COLOUR_PICKER_HELPURL": "https://zh.wikipedia.org/wiki/顏色",
	"COLOUR_PICKER_TOOLTIP": "從調色板中選擇一種顏色。",
	"COLOUR_RANDOM_HELPURL": "http://randomcolour.com",
	"COLOUR_RANDOM_TITLE": "隨機顏色",
	"COLOUR_RANDOM_TOOLTIP": "隨機選擇一種顏色。",
	"COLOUR_RGB_HELPURL": "http://www.december.com/html/spec/colorper.html",
	"COLOUR_RGB_TITLE": "顏色",
	"COLOUR_RGB_RED": "紅",
	"COLOUR_RGB_GREEN": "綠",
	"COLOUR_RGB_BLUE": "藍",
	"COLOUR_RGB_TOOLTIP": "透過指定紅、綠、 藍色的值來建立一種顏色。所有的值必須介於 0 和 100 之間。",
	"COLOUR_BLEND_HELPURL": "http://meyerweb.com/eric/tools/color-blend/",
	"COLOUR_BLEND_TITLE": "混合",
	"COLOUR_BLEND_COLOUR1": "顏色 1",
	"COLOUR_BLEND_COLOUR2": "顏色 2",
	"COLOUR_BLEND_RATIO": "比例",
	"COLOUR_BLEND_TOOLTIP": "用一個給定的比率（0.0-1.0）混合兩種顏色。",
	"CONTROLS_REPEAT_HELPURL": "https://zh.wikipedia.org/wiki/For迴圈",
	"CONTROLS_REPEAT_TITLE": "重複 %1 次",
	"CONTROLS_REPEAT_INPUT_DO": "執行",
	"CONTROLS_REPEAT_TOOLTIP": "重複執行指定的陳述式多次。",
	"CONTROLS_WHILEUNTIL_HELPURL": "https://github.com/google/blockly/wiki/Loops#repeat",
	"CONTROLS_WHILEUNTIL_OPERATOR_WHILE": "重複 當",
	"CONTROLS_WHILEUNTIL_OPERATOR_UNTIL": "重複 直到",
	"CONTROLS_WHILEUNTIL_TOOLTIP_WHILE": "當值為 true 時，執行一些陳述式。",
	"CONTROLS_WHILEUNTIL_TOOLTIP_UNTIL": "當值為 false 時，執行一些陳述式。",
	"CONTROLS_FOR_HELPURL": "https://github.com/google/blockly/wiki/Loops#count-with",
	"CONTROLS_FOR_TOOLTIP": "從起始數到結尾數中取出變數「%1」的值，按指定的時間間隔，執行指定的積木。 ",
	"CONTROLS_FOR_TITLE": "循環計數 %1 從 %2 到 %3 間隔數 %4",
	"CONTROLS_FOREACH_HELPURL": "https://github.com/google/blockly/wiki/Loops#for-each",
	"CONTROLS_FOREACH_TITLE": "取出每個 %1 自清單 %2",
	"CONTROLS_FOREACH_TOOLTIP": "遍歷每個清單中的項目，將變數「%1」設定到該項目中，然後執行某些陳述式。 ",
	"CONTROLS_FLOW_STATEMENTS_HELPURL": "https://github.com/google/blockly/wiki/Loops#loop-termination-blocks",
	"CONTROLS_FLOW_STATEMENTS_OPERATOR_BREAK": "中斷循環",
	"CONTROLS_FLOW_STATEMENTS_OPERATOR_CONTINUE": "繼續下一個循環",
	"CONTROLS_FLOW_STATEMENTS_TOOLTIP_BREAK": "中斷當前的循環。",
	"CONTROLS_FLOW_STATEMENTS_TOOLTIP_CONTINUE": "跳過這個循環的其餘步驟，並繼續下一次的循環。",
	"CONTROLS_FLOW_STATEMENTS_WARNING": "警告： 此積木僅可用於迴圈內。",
	"CONTROLS_IF_HELPURL": "https://github.com/google/blockly/wiki/IfElse",
	"CONTROLS_IF_TOOLTIP_1": "當值為 true 時，執行一些陳述式。",
	"CONTROLS_IF_TOOLTIP_2": "當值為 true 時，執行第一個陳述式，否則，執行第二個陳述式。",
	"CONTROLS_IF_TOOLTIP_3": "如果第一個值為 true，則執行第一個陳述式。否則，當第二個值為 true 時，則執行第二個陳述式。",
	"CONTROLS_IF_TOOLTIP_4": "如果第一個值為true，則執行第一個陳述式。否則當第二個值為true 時，則執行第二個陳述式。如果前幾個敘述都不為ture，則執行最後一個陳述式。",
	"CONTROLS_IF_MSG_IF": "如果",
	"CONTROLS_IF_MSG_ELSEIF": "否則如果",
	"CONTROLS_IF_MSG_ELSE": "否則",
	"CONTROLS_IF_IF_TOOLTIP": "添加、 刪除或重新排列各區塊以重新配置這個「如果」積木。 ",
	"CONTROLS_IF_ELSEIF_TOOLTIP": "添加條件到「如果」積木。 ",
	"CONTROLS_IF_ELSE_TOOLTIP": "加入一個最終、所有條件都執行的區塊到「如果」積木中。 ",
	"IOS_OK": "OK",
	"IOS_CANCEL": "取消",
	"IOS_ERROR": "錯誤",
	"IOS_PROCEDURES_INPUTS": "INPUTS",
	"IOS_PROCEDURES_ADD_INPUT": "+ 添加輸入",
	"IOS_PROCEDURES_ALLOW_STATEMENTS": "允許聲明",
	"IOS_PROCEDURES_DUPLICATE_INPUTS_ERROR": "此功能有重複輸入內容。",
	"IOS_VARIABLES_ADD_VARIABLE": "+ 添加變數",
	"IOS_VARIABLES_ADD_BUTTON": "添加",
	"IOS_VARIABLES_RENAME_BUTTON": "重新命名",
	"IOS_VARIABLES_DELETE_BUTTON": "刪除",
	"IOS_VARIABLES_VARIABLE_NAME": "變數名稱",
	"IOS_VARIABLES_EMPTY_NAME_ERROR": "您不能使用不帶名的變數名稱。",
	"LOGIC_COMPARE_HELPURL": "https://zh.wikipedia.org/wiki/不等",
	"LOGIC_COMPARE_TOOLTIP_EQ": "如果這兩個輸入區塊的結果相等，返回 true。",
	"LOGIC_COMPARE_TOOLTIP_NEQ": "如果這兩個輸入區塊的結果不相等，返回 true。",
	"LOGIC_COMPARE_TOOLTIP_LT": "如果第一個輸入結果比第二個小，返回 true。",
	"LOGIC_COMPARE_TOOLTIP_LTE": "如果第一個輸入結果小於或等於第二個，返回 true。",
	"LOGIC_COMPARE_TOOLTIP_GT": "如果第一個輸入結果大於第二個，返回 true。",
	"LOGIC_COMPARE_TOOLTIP_GTE": "如果第一個輸入結果大於或等於第二個，返回 true。",
	"LOGIC_OPERATION_HELPURL": "https://github.com/google/blockly/wiki/Logic#logical-operations",
	"LOGIC_OPERATION_TOOLTIP_AND": "如果兩個輸入結果都為 true，則返回 true。",
	"LOGIC_OPERATION_AND": "且",
	"LOGIC_OPERATION_TOOLTIP_OR": "如果至少一個輸入結果為 true，返回 true。",
	"LOGIC_OPERATION_OR": "或",
	"LOGIC_NEGATE_HELPURL": "https://github.com/google/blockly/wiki/Logic#not",
	"LOGIC_NEGATE_TITLE": "%1 不成立",
	"LOGIC_NEGATE_TOOLTIP": "如果輸入結果是 false，則返回 true。如果輸入結果是 true，則返回 false。",
	"LOGIC_BOOLEAN_HELPURL": "https://github.com/google/blockly/wiki/Logic#values",
	"LOGIC_BOOLEAN_TRUE": "true",
	"LOGIC_BOOLEAN_FALSE": "false",
	"LOGIC_BOOLEAN_TOOLTIP": "返回 true 或 false。",
	"LOGIC_NULL_HELPURL": "https://en.wikipedia.org/wiki/Nullable_type",
	"LOGIC_NULL": "null",
	"LOGIC_NULL_TOOLTIP": "返回 null。",
	"LOGIC_TERNARY_HELPURL": "https://zh.wikipedia.org/wiki/條件運算符",
	"LOGIC_TERNARY_CONDITION": "測試",
	"LOGIC_TERNARY_IF_TRUE": "如果為 true",
	"LOGIC_TERNARY_IF_FALSE": "如果為 false",
	"LOGIC_TERNARY_TOOLTIP": "檢查「測試」中的條件。如果條件為 true，將返回「如果為 true」的值；否則，返回「如果為 false」的值。 ",
	"MATH_NUMBER_HELPURL": "https://zh.wikipedia.org/wiki/數",
	"MATH_NUMBER_TOOLTIP": "一個數字。",
	"MATH_ADDITION_SYMBOL": "+",
	"MATH_SUBTRACTION_SYMBOL": "-",
	"MATH_DIVISION_SYMBOL": "÷",
	"MATH_MULTIPLICATION_SYMBOL": "×",
	"MATH_POWER_SYMBOL": "^",
	"MATH_MODULO_SYMBOL": "%",
	"MATH_FLOORDIVIDE_SYMBOL": "//",
	"MATH_TRIG_SIN": "sin",
	"MATH_TRIG_COS": "cos",
	"MATH_TRIG_TAN": "tan",
	"MATH_TRIG_ASIN": "asin",
	"MATH_TRIG_ACOS": "acos",
	"MATH_TRIG_ATAN": "atan",
	"MATH_ARITHMETIC_HELPURL": "https://zh.wikipedia.org/wiki/算術",
	"MATH_ARITHMETIC_TOOLTIP_ADD": "返回兩個數字的總和。",
	"MATH_ARITHMETIC_TOOLTIP_MINUS": "返回兩個數字的差。",
	"MATH_ARITHMETIC_TOOLTIP_MULTIPLY": "返回兩個數字的乘積。",
	"MATH_ARITHMETIC_TOOLTIP_DIVIDE": "返回兩個數字的商。",
	"MATH_ARITHMETIC_TOOLTIP_POWER": "返回第二個數字的指數的第一個數字。",
	"MATH_ARITHMETIC_TOOLTIP_MODULO": "Return the modulo of the two numbers",
	"MATH_SINGLE_HELPURL": "https://zh.wikipedia.org/wiki/平方根",
	"MATH_SINGLE_OP_ROOT": "開根號",
	"MATH_SINGLE_TOOLTIP_ROOT": "返回指定數字的平方根。",
	"MATH_SINGLE_OP_ABSOLUTE": "絕對值",
	"MATH_SINGLE_TOOLTIP_ABS": "返回指定數字的絕對值。",
	"MATH_SINGLE_TOOLTIP_NEG": "返回指定數字的 negation。",
	"MATH_SINGLE_TOOLTIP_LN": "返回指定數字的自然對數。",
	"MATH_SINGLE_TOOLTIP_LOG10": "返回指定數字的對數。",
	"MATH_SINGLE_TOOLTIP_EXP": "返回指定數字指數的 e",
	"MATH_SINGLE_TOOLTIP_POW10": "返回指定數字指數的10的冪次。",
	"MATH_TRIG_HELPURL": "https://zh.wikipedia.org/wiki/三角函數",
	"MATH_TRIG_TOOLTIP_SIN": "返回指定角度的正弦值(非弧度）。",
	"MATH_TRIG_TOOLTIP_COS": "返回指定角度的餘弦值(非弧度）。",
	"MATH_TRIG_TOOLTIP_TAN": "返回指定角度的正切值(非弧度）。",
	"MATH_TRIG_TOOLTIP_ASIN": "返回指定角度的反正弦值(非弧度）。",
	"MATH_TRIG_TOOLTIP_ACOS": "返回指定角度的反餘弦值(非弧度）。",
	"MATH_TRIG_TOOLTIP_ATAN": "返回指定角度的反正切值。",
	"MATH_CONSTANT_HELPURL": "https://zh.wikipedia.org/wiki/數學常數",
	"MATH_CONSTANT_TOOLTIP": "返回一個的常見常量： π (3.141......)，e (2.718...)、 φ (1.618...)、 開方(2) (1.414..... .)、 開方(½) (0.707......) 或∞ （無窮大）。",
	"MATH_IS_EVEN": "是偶數",
	"MATH_IS_ODD": "是奇數",
	"MATH_IS_PRIME": "是質數",
	"MATH_IS_WHOLE": "是非負整數",
	"MATH_IS_POSITIVE": "是正值",
	"MATH_IS_NEGATIVE": "是負值",
	"MATH_IS_DIVISIBLE_BY": "可被整除",
	"MATH_IS_TOOLTIP": "如果數字是偶數，奇數，非負整數，正數、 負數，或如果它是可被某數字整除，則返回 true 或 false。",
	"MATH_CHANGE_HELPURL": "https://zh.wikipedia.org/wiki/加法",
	"MATH_CHANGE_TITLE": "修改 %1 自 %2",
	"MATH_CHANGE_TOOLTIP": "將數字加到變數「%1」。 ",
	"MATH_ROUND_HELPURL": "https://zh.wikipedia.org/wiki/數值簡化",
	"MATH_ROUND_TOOLTIP": "將數字無條件進位或無條件捨去。",
	"MATH_ROUND_OPERATOR_ROUND": "四捨五入",
	"MATH_ROUND_OPERATOR_ROUNDUP": "無條件進位",
	"MATH_ROUND_OPERATOR_ROUNDDOWN": "無條件捨去",
	"MATH_ONLIST_HELPURL": "",
	"MATH_ONLIST_OPERATOR_SUM": "數字總和 自清單",
	"MATH_ONLIST_TOOLTIP_SUM": "返回清單中的所有數字的總和。",
	"MATH_ONLIST_OPERATOR_MIN": "最小值 自清單",
	"MATH_ONLIST_TOOLTIP_MIN": "返回清單項目中最小的數字。",
	"MATH_ONLIST_OPERATOR_MAX": "最大值 自清單",
	"MATH_ONLIST_TOOLTIP_MAX": "返回清單項目中最大的數字。",
	"MATH_ONLIST_OPERATOR_AVERAGE": "平均數 自清單",
	"MATH_ONLIST_TOOLTIP_AVERAGE": "返回清單中數值的平均值（算術平均值）。",
	"MATH_ONLIST_OPERATOR_MEDIAN": "中位數 自清單",
	"MATH_ONLIST_TOOLTIP_MEDIAN": "返回清單中數值的中位數。",
	"MATH_ONLIST_OPERATOR_MODE": "比較眾數 自清單",
	"MATH_ONLIST_TOOLTIP_MODE": "返回一個清單中的最常見的項目。",
	"MATH_ONLIST_OPERATOR_STD_DEV": "標準差 自清單",
	"MATH_ONLIST_TOOLTIP_STD_DEV": "返回清單中數字的標準差。",
	"MATH_ONLIST_OPERATOR_RANDOM": "隨機抽取 自清單",
	"MATH_ONLIST_TOOLTIP_RANDOM": "從清單中返回一個隨機的項目。",
	"MATH_MODULO_HELPURL": "https://zh.wikipedia.org/wiki/模除",
	"MATH_MODULO_TITLE": "%1 除以 %2 的餘數",
	"MATH_MODULO_TOOLTIP": "回傳兩個數字相除的餘數。",
	"MATH_CONSTRAIN_HELPURL": "https://en.wikipedia.org/wiki/Clamping_(graphics)",
	"MATH_CONSTRAIN_TITLE": "限制數字 %1 介於（低）%2 到（高）%3",
	"MATH_CONSTRAIN_TOOLTIP": "限制數字介於兩個指定的數字之間（包含）。",
	"MATH_RANDOM_INT_HELPURL": "https://zh.wikipedia.org/wiki/隨機數生成器",
	"MATH_RANDOM_INT_TITLE": "隨機取數 %1 到 %2",
	"MATH_RANDOM_INT_TOOLTIP": "在指定二個數之間隨機取一個數（包含）。",
	"MATH_RANDOM_FLOAT_HELPURL": "https://zh.wikipedia.org/wiki/隨機數生成器",
	"MATH_RANDOM_FLOAT_TITLE_RANDOM": "隨機取分數",
	"MATH_RANDOM_FLOAT_TOOLTIP": "在 0.0（包含）和 1.0（不包含）之間隨機取一個數。",
	"TEXT_TEXT_HELPURL": "https://zh.wikipedia.org/wiki/字串",
	"TEXT_TEXT_TOOLTIP": "一個字元、一個單詞，或一串文字。",
	"TEXT_JOIN_HELPURL": "https://github.com/google/blockly/wiki/Text#text-creation",
	"TEXT_JOIN_TITLE_CREATEWITH": "字串組合",
	"TEXT_JOIN_TOOLTIP": "通過連接任意數量的項目來建立一串文字。",
	"TEXT_CREATE_JOIN_TITLE_JOIN": "加入",
	"TEXT_CREATE_JOIN_TOOLTIP": "添加、刪除或重新排列各區塊以重新配置這個文字積木。",
	"TEXT_CREATE_JOIN_ITEM_TOOLTIP": "添加一個項目到字串中。",
	"TEXT_APPEND_HELPURL": "https://github.com/google/blockly/wiki/Text#text-modification",
	"TEXT_APPEND_TITLE": "至 %1 套用文字 %2",
	"TEXT_APPEND_TOOLTIP": "添加一些文字到變數「%1」之後。 ",
	"TEXT_LENGTH_HELPURL": "https://github.com/google/blockly/wiki/Text#text-modification",
	"TEXT_LENGTH_TITLE": "長度 %1",
	"TEXT_LENGTH_TOOLTIP": "返回這串文字的字元數（包含空格）。",
	"TEXT_ISEMPTY_HELPURL": "https://github.com/google/blockly/wiki/Text#checking-for-empty-text",
	"TEXT_ISEMPTY_TITLE": "%1 為空",
	"TEXT_ISEMPTY_TOOLTIP": "如果提供的字串為空，則返回 true。",
	"TEXT_INDEXOF_HELPURL": "https://github.com/google/blockly/wiki/Text#finding-text",
	"TEXT_INDEXOF_TOOLTIP": "在字串1中檢索是否有包含字串2，如果有，返回從頭/倒數算起的索引值。如果沒有則返回 %1。",
	"TEXT_INDEXOF_TITLE": "在文字 %1 %2 %3",
	"TEXT_INDEXOF_OPERATOR_FIRST": "從 最前面 索引字串",
	"TEXT_INDEXOF_OPERATOR_LAST": "從 最後面 索引字串",
	"TEXT_CHARAT_HELPURL": "https://github.com/google/blockly/wiki/Text#extracting-text",
	"TEXT_CHARAT_TITLE": "在文字 %1 %2",
	"TEXT_CHARAT_FROM_START": "取得 字元 #",
	"TEXT_CHARAT_FROM_END": "取得 倒數第 # 個字元",
	"TEXT_CHARAT_FIRST": "取得 第一個字元",
	"TEXT_CHARAT_LAST": "取得 最後一個字元",
	"TEXT_CHARAT_RANDOM": "取得 任意字元",
	"TEXT_CHARAT_TAIL": "",
	"TEXT_CHARAT_TOOLTIP": "返回位於指定位置的字元。",
	"TEXT_GET_SUBSTRING_TOOLTIP": "返回指定的部分文字。",
	"TEXT_GET_SUBSTRING_HELPURL": "https://github.com/google/blockly/wiki/Text#extracting-a-region-of-text",
	"TEXT_GET_SUBSTRING_INPUT_IN_TEXT": "在字串",
	"TEXT_GET_SUBSTRING_START_FROM_START": "取得 字元 #",
	"TEXT_GET_SUBSTRING_START_FROM_END": "取得 倒數第 # 個字元",
	"TEXT_GET_SUBSTRING_START_FIRST": "取得 第一個字元",
	"TEXT_GET_SUBSTRING_END_FROM_START": "到 字元 #",
	"TEXT_GET_SUBSTRING_END_FROM_END": "到 倒數第 # 個字元",
	"TEXT_GET_SUBSTRING_END_LAST": "到 最後一個字元",
	"TEXT_GET_SUBSTRING_TAIL": "",
	"TEXT_CHANGECASE_HELPURL": "https://github.com/google/blockly/wiki/Text#adjusting-text-case",
	"TEXT_CHANGECASE_TOOLTIP": "使用不同的大小寫複製這段文字。",
	"TEXT_CHANGECASE_OPERATOR_UPPERCASE": "轉成 英文大寫",
	"TEXT_CHANGECASE_OPERATOR_LOWERCASE": "轉成 英文小寫",
	"TEXT_CHANGECASE_OPERATOR_TITLECASE": "轉成 英文首字大寫",
	"TEXT_TRIM_HELPURL": "https://github.com/google/blockly/wiki/Text#trimming-removing-spaces",
	"TEXT_TRIM_TOOLTIP": "複製這段文字，同時刪除兩端多餘的空格。",
	"TEXT_TRIM_OPERATOR_BOTH": "消除兩側空格",
	"TEXT_TRIM_OPERATOR_LEFT": "消除左側空格",
	"TEXT_TRIM_OPERATOR_RIGHT": "消除右側空格",
	"TEXT_PRINT_HELPURL": "https://github.com/google/blockly/wiki/Text#printing-text",
	"TEXT_PRINT_TITLE": "輸出 %1",
	"TEXT_PRINT_TOOLTIP": "輸出指定的文字、 數字或其他值。",
	"TEXT_PROMPT_HELPURL": "https://github.com/google/blockly/wiki/Text#getting-input-from-the-user",
	"TEXT_PROMPT_TYPE_TEXT": "輸入 文字 並顯示提示訊息",
	"TEXT_PROMPT_TYPE_NUMBER": "輸入 數字 並顯示提示訊息",
	"TEXT_PROMPT_TOOLTIP_NUMBER": "輸入數字",
	"TEXT_PROMPT_TOOLTIP_TEXT": "輸入文字",
	"TEXT_COUNT_MESSAGE0": "在%2計算%1",
	"TEXT_COUNT_HELPURL": "https://github.com/google/blockly/wiki/Text#counting-substrings",
	"TEXT_COUNT_TOOLTIP": "計算某些文字在內容裡的出現次數。",
	"TEXT_REPLACE_MESSAGE0": "在%3以%2取代%1",
	"TEXT_REPLACE_HELPURL": "https://github.com/google/blockly/wiki/Text#replacing-substrings",
	"TEXT_REPLACE_TOOLTIP": "取代在內容裡的全部某些文字。",
	"TEXT_REVERSE_MESSAGE0": "反轉%1",
	"TEXT_REVERSE_HELPURL": "https://github.com/google/blockly/wiki/Text#reversing-text",
	"TEXT_REVERSE_TOOLTIP": "反轉排序在文字裡的字元。",
	"LISTS_CREATE_EMPTY_HELPURL": "https://github.com/google/blockly/wiki/Lists#create-empty-list",
	"LISTS_CREATE_EMPTY_TITLE": "建立空的清單",
	"LISTS_CREATE_EMPTY_TOOLTIP": "返回一個長度（項目數量）為 0 的清單，不包含任何資料記錄",
	"LISTS_CREATE_WITH_HELPURL": "https://github.com/google/blockly/wiki/Lists#create-list-with",
	"LISTS_CREATE_WITH_TOOLTIP": "建立一個具備任意數量項目的清單。",
	"LISTS_CREATE_WITH_INPUT_WITH": "使用這些值建立清單",
	"LISTS_CREATE_WITH_CONTAINER_TITLE_ADD": "清單",
	"LISTS_CREATE_WITH_CONTAINER_TOOLTIP": "添加、刪除或重新排列各區塊以重新配置這個「清單」積木。 ",
	"LISTS_CREATE_WITH_ITEM_TOOLTIP": "添加一個項目到清單裡。",
	"LISTS_REPEAT_HELPURL": "https://github.com/google/blockly/wiki/Lists#create-list-with",
	"LISTS_REPEAT_TOOLTIP": "建立一個清單，項目中包含指定重複次數的值。",
	"LISTS_REPEAT_TITLE": "建立清單使用項目 %1 重複 %2 次",
	"LISTS_LENGTH_HELPURL": "https://github.com/google/blockly/wiki/Lists#length-of",
	"LISTS_LENGTH_TITLE": "長度 %1",
	"LISTS_LENGTH_TOOLTIP": "返回清單的長度（項目數）。",
	"LISTS_ISEMPTY_HELPURL": "https://github.com/google/blockly/wiki/Lists#is-empty",
	"LISTS_ISEMPTY_TITLE": "%1 值為空",
	"LISTS_ISEMPTY_TOOLTIP": "如果該清單為空，則返回 true。",
	"LISTS_INLIST": "自清單",
	"LISTS_INDEX_OF_HELPURL": "https://github.com/google/blockly/wiki/Lists#getting-items-from-a-list",
	"LISTS_INDEX_OF_FIRST": "從 最前面 索引項目",
	"LISTS_INDEX_OF_LAST": "從 最後面 索引項目",
	"LISTS_INDEX_OF_TOOLTIP": "在清單中檢索是否有包含項目，如果有，返回從頭/倒數算起的索引值。如果沒有則返回 %1。",
	"LISTS_GET_INDEX_GET": "取得",
	"LISTS_GET_INDEX_GET_REMOVE": "取得並移除",
	"LISTS_GET_INDEX_REMOVE": "移除",
	"LISTS_GET_INDEX_FROM_START": "#",
	"LISTS_GET_INDEX_FROM_END": "倒數第 # 筆",
	"LISTS_GET_INDEX_FIRST": "第一筆",
	"LISTS_GET_INDEX_LAST": "最後一筆",
	"LISTS_GET_INDEX_RANDOM": "隨機",
	"LISTS_GET_INDEX_TAIL": "",
	"LISTS_INDEX_FROM_START_TOOLTIP": "%1 是第一個項目。",
	"LISTS_INDEX_FROM_END_TOOLTIP": "%1 是最後一個項目。",
	"LISTS_GET_INDEX_TOOLTIP_GET_FROM": "返回在清單中指定位置的項目。",
	"LISTS_GET_INDEX_TOOLTIP_GET_FIRST": "返回清單中的第一個項目。",
	"LISTS_GET_INDEX_TOOLTIP_GET_LAST": "返回清單中的最後一個項目。",
	"LISTS_GET_INDEX_TOOLTIP_GET_RANDOM": "返回清單中隨機一個項目。",
	"LISTS_GET_INDEX_TOOLTIP_GET_REMOVE_FROM": "移除並返回清單中的指定位置的項目。",
	"LISTS_GET_INDEX_TOOLTIP_GET_REMOVE_FIRST": "移除並返回清單中的第一個項目。",
	"LISTS_GET_INDEX_TOOLTIP_GET_REMOVE_LAST": "移除並返回清單中的最後一個項目。",
	"LISTS_GET_INDEX_TOOLTIP_GET_REMOVE_RANDOM": "移除並返回清單中的隨機項目。",
	"LISTS_GET_INDEX_TOOLTIP_REMOVE_FROM": "移除在清單中指定位置的項目。",
	"LISTS_GET_INDEX_TOOLTIP_REMOVE_FIRST": "移除清單中的第一個項目。",
	"LISTS_GET_INDEX_TOOLTIP_REMOVE_LAST": "移除清單中的最後一個項目。",
	"LISTS_GET_INDEX_TOOLTIP_REMOVE_RANDOM": "移除清單中隨機一個項目。",
	"LISTS_SET_INDEX_HELPURL": "https://github.com/google/blockly/wiki/Lists#in-list--set",
	"LISTS_SET_INDEX_SET": "設定",
	"LISTS_SET_INDEX_INSERT": "添加",
	"LISTS_SET_INDEX_INPUT_TO": "為",
	"LISTS_SET_INDEX_TOOLTIP_SET_FROM": "設定清單中指定位置的項目。",
	"LISTS_SET_INDEX_TOOLTIP_SET_FIRST": "設定清單中的第一個項目。",
	"LISTS_SET_INDEX_TOOLTIP_SET_LAST": "設定清單中的最後一個項目。",
	"LISTS_SET_INDEX_TOOLTIP_SET_RANDOM": "設定清單中隨機一個項目。",
	"LISTS_SET_INDEX_TOOLTIP_INSERT_FROM": "添加一個項目到清單中的指定位置。",
	"LISTS_SET_INDEX_TOOLTIP_INSERT_FIRST": "添加一個項目到清單中的第一個位置。",
	"LISTS_SET_INDEX_TOOLTIP_INSERT_LAST": "添加一個項目到清單中的最後一個位置。",
	"LISTS_SET_INDEX_TOOLTIP_INSERT_RANDOM": "添加一個項目到清單中的隨機位置。",
	"LISTS_GET_SUBLIST_HELPURL": "https://github.com/google/blockly/wiki/Lists#getting-a-sublist",
	"LISTS_GET_SUBLIST_START_FROM_START": "取得子清單 從 #",
	"LISTS_GET_SUBLIST_START_FROM_END": "取得子清單 從 # 倒數",
	"LISTS_GET_SUBLIST_START_FIRST": "取得子清單 從 最前面",
	"LISTS_GET_SUBLIST_END_FROM_START": "到 #",
	"LISTS_GET_SUBLIST_END_FROM_END": "到 # 倒數",
	"LISTS_GET_SUBLIST_END_LAST": "到 最後面",
	"LISTS_GET_SUBLIST_TAIL": "",
	"LISTS_GET_SUBLIST_TOOLTIP": "複製清單中指定的部分。",
	"LISTS_SORT_HELPURL": "https://github.com/google/blockly/wiki/Lists#sorting-a-list",
	"LISTS_SORT_TITLE": "排列 %1 %2 %3",
	"LISTS_SORT_TOOLTIP": "排序清單的複製內容。",
	"LISTS_SORT_ORDER_ASCENDING": "升序",
	"LISTS_SORT_ORDER_DESCENDING": "降序",
	"LISTS_SORT_TYPE_NUMERIC": "依數字",
	"LISTS_SORT_TYPE_TEXT": "依字母",
	"LISTS_SORT_TYPE_IGNORECASE": "依字母排序，忽略大小寫",
	"LISTS_SPLIT_HELPURL": "https://github.com/google/blockly/wiki/Lists#splitting-strings-and-joining-lists",
	"LISTS_SPLIT_LIST_FROM_TEXT": "從文本製作清單",
	"LISTS_SPLIT_TEXT_FROM_LIST": "從清單拆出文本",
	"LISTS_SPLIT_WITH_DELIMITER": "用分隔符",
	"LISTS_SPLIT_TOOLTIP_SPLIT": "將文本變成清單項目，按分隔符號拆分。",
	"LISTS_SPLIT_TOOLTIP_JOIN": "串起清單項目成一個文本，並用分隔符號分開。",
	"LISTS_REVERSE_HELPURL": "https://github.com/google/blockly/wiki/Lists#reversing-a-list",
	"LISTS_REVERSE_MESSAGE0": "反轉%1",
	"LISTS_REVERSE_TOOLTIP": "反轉清單的複製內容。",
	"ORDINAL_NUMBER_SUFFIX": "",
	"VARIABLES_GET_HELPURL": "https://github.com/google/blockly/wiki/Variables#get",
	"VARIABLES_GET_TOOLTIP": "返回此變數的值。",
	"VARIABLES_GET_CREATE_SET": "建立「賦值 %1」",
	"VARIABLES_SET_HELPURL": "https://github.com/google/blockly/wiki/Variables#set",
	"VARIABLES_SET": "賦值 %1 成 %2",
	"VARIABLES_SET_TOOLTIP": "設定此變數，好和輸入結果相等。",
	"VARIABLES_SET_CREATE_GET": "建立「取得 %1」",
	"PROCEDURES_DEFNORETURN_HELPURL": "https://zh.wikipedia.org/wiki/子程式",
	"PROCEDURES_DEFNORETURN_TITLE": "函數",
	"PROCEDURES_DEFNORETURN_PROCEDURE": "做些什麼",
	"PROCEDURES_BEFORE_PARAMS": "與：",
	"PROCEDURES_CALL_BEFORE_PARAMS": "與：",
	"PROCEDURES_DEFNORETURN_DO": "",
	"PROCEDURES_DEFNORETURN_TOOLTIP": "創建一個無回傳值的函式。",
	"PROCEDURES_DEFNORETURN_COMMENT": "描述此函式...",
	"PROCEDURES_DEFRETURN_HELPURL": "https://zh.wikipedia.org/wiki/子程式",
	"PROCEDURES_DEFRETURN_RETURN": "返回",
	"PROCEDURES_DEFRETURN_TOOLTIP": "創建一個有回傳值的的函式。",
	"PROCEDURES_ALLOW_STATEMENTS": "允許陳述式",
	"PROCEDURES_DEF_DUPLICATE_WARNING": "警告: 此函式中有重複的參數。",
	"PROCEDURES_CALLNORETURN_HELPURL": "https://zh.wikipedia.org/wiki/%E5%AD%90%E7%A8%8B%E5%BA%8F",
	"PROCEDURES_CALLNORETURN_TOOLTIP": "執行使用者定義的函式「%1」。 ",
	"PROCEDURES_CALLRETURN_HELPURL": "https://zh.wikipedia.org/wiki/%E5%AD%90%E7%A8%8B%E5%BA%8F",
	"PROCEDURES_CALLRETURN_TOOLTIP": "執行使用者定義的函式「%1」，並使用它的回傳值。 ",
	"PROCEDURES_MUTATORCONTAINER_TITLE": "輸入",
	"PROCEDURES_MUTATORCONTAINER_TOOLTIP": "添加、刪除或重新排列此函式的輸入。",
	"PROCEDURES_MUTATORARG_TITLE": "輸入名稱：",
	"PROCEDURES_MUTATORARG_TOOLTIP": "添加一個輸入區塊到函式。",
	"PROCEDURES_HIGHLIGHT_DEF": "反白顯示函式定義",
	"PROCEDURES_CREATE_DO": "建立「%1」",
	"FUNCTIONS_EDIT_OPTION": "Edit",
	"FUNCTIONS_CALL_TITLE": "call",
	"FUNCTION_CREATE_NEW": "Create a Function",
	"FUNCTION_CALL_TOOLTIP": "Call a function that was previously defined.",
	"FUNCTION_WARNING_DUPLICATE_ARG": "Functions cannot use the same argument name more than once.",
	"FUNCTION_WARNING_EMPTY_NAME": "Function and argument names cannot be empty.",
	"FUNCTION_WARNING_ARG_NAME_IS_FUNCTION_NAME": "Argument names must not be the same as the function name.",
	"FUNCTIONS_DEFAULT_FUNCTION_NAME": "do_something",
	"FUNCTIONS_DEFAULT_BOOLEAN_ARG_NAME": "bool",
	"FUNCTIONS_DEFAULT_STRING_ARG_NAME": "text",
	"FUNCTIONS_DEFAULT_NUMBER_ARG_NAME": "num",
	"FUNCTIONS_DEFAULT_CUSTOM_ARG_NAME": "arg",
	"PROCEDURES_IFRETURN_TOOLTIP": "如果值為真，則返回第二個值。",
	"PROCEDURES_IFRETURN_HELPURL": "http://c2.com/cgi/wiki?GuardClause",
	"PROCEDURES_IFRETURN_WARNING": "警告: 僅在定義函數內可使用此積木。",
	"WORKSPACE_COMMENT_DEFAULT_TEXT": "說明...",
	"SS_TOOLBOX_TITLE_ACTION": "行動",
	"SS_TOOLBOX_TITLE_DETECTION": "檢測",
	"SS_TOOLBOX_TITLE_OUTPUT": "輸出",
	"SS_TOOLBOX_TITLE_LOGIC": "邏輯",
	"SS_TOOLBOX_TITLE_LOOPS": "循環",
	"SS_TOOLBOX_TITLE_MATH": "數學",
	"SS_TOOLBOX_TITLE_TEXT": "文本",
	"SS_TOOLBOX_TITLE_LISTS": "列表",
	"SS_TOOLBOX_TITLE_VARIABLES": "變量",
	"SS_TOOLBOX_TITLE_PROCEDURES": "函數",
	"SS_BLOCK_WHILE": "如果 %1 重複",
	"SS_BLOCK_RANGE": "序列 %1 到 %2",
	"SS_BLOCK_RANGE_FULL": "序列 %1 到 %2 步長 %3",
	"SS_BLOCK_FORRANGE": "取 %2 中每個 %1",
	"SS_BLOCK_LIST_GETINDEX": "列表 %1 第 %2 項的值",
	"SS_BLOCK_LIST_SETINDEX": "設置列表 %1 第 %2 項為 %3",
	"SS_BLOCK_LIST_APPEND": "填充 %1 到列表 %2",
	"SS_BLOCK_OUTPUT_PRINT": "打印 %1 %2",
	"SS_BLOCK_OUTPUT_PRINT_MESSAGE": "打印 %1",
	"SS_BLOCK_BAILU_GO": "移動",
	"SS_BLOCK_BAILU_GO2": "速度 %1 % 移動 %2 秒",
	"SS_BLOCK_BAILU_GO3": "左 %1 % 右 %2 % 移動 %3 秒",
	"SS_BLOCK_BAILU_SET": "定位到 %1 %2",
	"SS_BLOCK_BAILU_DEVIATION": "偏差角",
	"SS_BLOCK_BAILU_REFRESH": "重置",
	"SS_BLOCK_BAILU_COLORS": "顏色傳感器列表",
	"SS_BLOCK_BAILU_COLORS_I": "顏色 %1",
	"SS_BLOCK_BAILU_COLORS_DEFINE_RED": "紅色",
	"SS_BLOCK_BAILU_COLORS_DEFINE_GREEN": "綠色",
	"SS_BLOCK_BAILU_COLORS_DEFINE_BLUE": "藍色",
	"SS_BLOCK_BAILU_ISFAIL": "失敗檢測",
	"SS_BLOCK_BAILU_DISTANCES": "距離傳感器列表",
	"SS_BLOCK_BAILU_DISTANCES_I": "距離 %1",
	"SS_BLOCK_BAILU_DISTANCES_I_LF": "左前方",
	"SS_BLOCK_BAILU_DISTANCES_I_RF": "右前方",
	"SS_BLOCK_BAILU_DISTANCES_I_F": "前方",
	"SS_BLOCK_BAILU_DISTANCES_I_B": "後方",
	"SS_BLOCK_BAILU_INTENSITIES": "亮度傳感器列表",
	"SS_BLOCK_BAILU_INTENSITIES_I": "亮度 %1",
	"SS_BLOCK_UNITY_FORWARD": "前進",
	"SS_BLOCK_UNITY_COLLECT": "收集",
	"SS_BLOCK_UNITY_RIGHT": "右轉",
	"SS_BLOCK_UNITY_LEFT": "左轉",
	"SS_BLOCK_UNITY_HASOBSTACLE": "%1 有障礙?",
	"SS_BLOCK_UNITY_HASOBSTACLE_1": "左方",
	"SS_BLOCK_UNITY_HASOBSTACLE_2": "前方",
	"SS_BLOCK_UNITY_HASOBSTACLE_3": "右方",
	"SS_BLOCK_UNITY_ONWHAT": "在 %1 ?",
	"SS_BLOCK_UNITY_ONWHAT_1": "能量塊上",
	"SS_BLOCK_UNITY_ONWHAT_2": "終點",
	"SS_BLOCK_VCAR_GO": "前進 %1 %2, %3 幀",
	"SS_BLOCK_VCAR_GO2": "前進 %1 %2, %3 秒",
	"SS_BLOCK_VCAR_SET": "設置位置 %1 %2 %3",
	"SS_BLOCK_VCAR_REFRESH": "刷新",
	"SS_BLOCK_VCAR_RUNWITHPID": "PID巡線 %1 %2 %3",
	"SS_BLOCK_VCAR_DEVIATION": "偏差角",
	"SS_BLOCK_VCAR_CLOCKWISE_DEGREE": "順時針偏轉角為 %1",
	"SS_BLOCK_VCAR_ANTICLOCKWISE_DEGREE": "逆時針偏轉角為 %1",
	"SS_BLOCK_VCAR_SET_TARGET": "設置判定條件 %1",
	"SS_BLOCK_VCAR_DISTANCE": "%1 距離",
	"SS_BLOCK_VCAR_DISTANCE_DETECT": "%1 距離 %2 %3",
	"SS_BLOCK_VCAR_COLOR_DETECT": "第 %1 個顏色傳感器 %2 測到 %3",
	"SS_BLOCK_VCAR_COLOR_DETECT_ADVANCED": "第 %1 個顏色傳感器 %3 值 %2 %4",
	"SS_BLOCK_VCAR_INTENSITY_DETECT": "第 %1 個光電傳感器 %2 測到光強",
	"SS_BLOCK_VCAR_GETLINELOC": "檢測到紅線的傳感器編號",
	"SS_BLOCK_VCAR_PRECISE_DISTANCE": "獲取精確距離 %1",
	"SS_BLOCK_VCAR_GETINTENSITY": "獲取光強 %1",
	"SS_BLOCK_VCAR_DROPDOWN_FL": "左前方",
	"SS_BLOCK_VCAR_DROPDOWN_FR": "右前方",
	"SS_BLOCK_VCAR_DROPDOWN_FRONT": "前方",
	"SS_BLOCK_VCAR_DROPDOWN_REAR": "後方",
	"SS_BLOCK_VCAR_DROPDOWN_HAS": "檢",
	"SS_BLOCK_VCAR_DROPDOWN_HASNOT": "未",
	"SS_BLOCK_VCAR_DROPDOWN_RED": "紅色",
	"SS_BLOCK_VCAR_DROPDOWN_GREEN": "綠色",
	"SS_BLOCK_VCAR_DROPDOWN_BLUE": "藍色",
	"SS_BLOCK_VCAR_INCURRENTTASK": "在當前任務中",
	"SS_BLOCK_VCAR_DROPDOWN_COMPARE_M": ">",
	"SS_BLOCK_VCAR_DROPDOWN_COMPARE_ME": ">=",
	"SS_BLOCK_VCAR_DROPDOWN_COMPARE_L": "<",
	"SS_BLOCK_VCAR_DROPDOWN_COMPARE_LE": "<=",
	"SS_BLOCK_VCAR_DROPDOWN_COMPARE_E": "=",
	"SS_BLOCK_POCKET_GO": "前進 %1 %2",
	"SS_BLOCK_POCKET_GO2": "前進 %1 %2 %3",
	"SS_BLOCK_POCKET_TURN": "轉彎 %1",
	"SS_BLOCK_POCKET_SETRGB": "設置車燈顏色 %1 %2 %3",
	"SS_BLOCK_POCKET_DISTANCE": "獲取 %1 距離",
	"SS_BLOCK_POCKET_DISTANCE_DETECT": "%1 距離 %2 %3",
	"SS_BLOCK_POCKET_COLORSENSOR": "獲取 %1 讀數",
	"SS_BLOCK_POCKET_DETECTS_BLACK": "檢測到黑色 %1",
	"SS_BLOCK_POCKET_DETECTS_WHITE": "檢測到白色 %1",
	"SS_BLOCK_POCKET_DETECTS_COLOR": "檢測到 %1 %2 %3",
	"SS_BLOCK_POCKET_LIGHTTRACK": "光電巡線 %1 %2 %3 %4 %5",
	"SS_BLOCK_POCKET_LIGHTTRACKWITHDIFF": "差速光電巡線 %1 %2 %3 %4 %5",
	"SS_BLOCK_POCKET_AVERAGE_DISTANCE": "讀取傳感器均值 %1",
	"SS_BLOCK_POCKET_FRONT_DISTANCE": "獲取正前方距離",
	"SS_BLOCK_POCKET_GETTURNANGLE": "獲取轉彎角度 %1 %2",
	"SS_BLOCK_POCKET_PIRATETREASURE": "尋找海盜寶藏 %1 %2 %3 %4 %5",
	"SS_BLOCK_POCKET_GET_INTENSITY": "光電 %1",
	"SS_BLOCK_POCKET_DROPDOWN_DIRECTION_F": "前方",
	"SS_BLOCK_POCKET_DROPDOWN_DIRECTION_R": "右側",
	"SS_BLOCK_POCKET_DROPDOWN_DIRECTION_L": "左側",
	"SS_BLOCK_POCKET_DROPDOWN_FL": "左前方",
	"SS_BLOCK_POCKET_DROPDOWN_FR": "右前方",
	"SS_BLOCK_POCKET_DROPDOWN_RED": "紅色",
	"SS_BLOCK_POCKET_DROPDOWN_GREEN": "綠色",
	"SS_BLOCK_POCKET_DROPDOWN_BLUE": "藍色",
	"SS_BLOCK_POCKET_DROPDOWN_R": "R",
	"SS_BLOCK_POCKET_DROPDOWN_G": "G",
	"SS_BLOCK_POCKET_DROPDOWN_B": "B",
	"SS_BLOCK_POCKET_DROPDOWN_C": "C",
	"SS_BLOCK_POCKET_GET_INTENSITY_ALL": "光電傳感器",
	"SS_BLOCK_POCKET_GET_DISTANCE_ALL": "距離傳感器",
	"SS_BLOCK_POCKET_GET_COLOR_ALL": "顏色傳感器",
	"SS_BLOCK_POCKET_GET_LR_SPEED_ALL": "後輪速度傳感器",
	"SS_BLOCK_POCKET_GETTURNANGLE_2": "獲取轉彎角度 %1 %2",
	"SS_BLOCK_POCKET_GETMINDISTANCE": "獲取最小距離",
	"SS_BLOCK_POCKET_INTENSITY_DETECT": "光電 %1 %2 %3",
	"SS_BLOCK_POCKET_PID": "PID %1",
	"SS_BLOCK_POCKET_LIGHTTRACKWITHPID": "PID光電巡線 %1 %2 %3 %4 %5 %6 %7",
	"SS_BLOCK_POCKET_WHEREISIT": "判斷障礙物方位 %2 %1",
	"SS_BLOCK_POCKET_LIGHTONCOLORFULLINE": "彩線巡線 %1 %2 %3 %4 %5 %6",
	"SS_BLOCK_PRIME_LOADIMG": "加載圖像 %1",
	"SS_BLOCK_PRIME_ALIGNFACE": "轉正 %1 中的人臉",
	"SS_BLOCK_PRIME_GETFACEFEATURE": "提取人臉特徵 %1",
	"SS_BLOCK_PRIME_DECODE": "將特徵 %1 轉換成圖片",
	"SS_BLOCK_PRIME_IMREAD": "讀取圖像 %1",
	"SS_BLOCK_PRIME_GETGENDER": "檢測性別 %1",
	"SS_BLOCK_PRIME_LOADIMG3": "加載圖像 %1",
	"SS_BLOCK_PRIME_DETECTFACE": "檢測人臉框 %1",
	"SS_BLOCK_PRIME_LOADIMGFROMURL": "從 url 加載圖像%1",
	"SS_BLOCK_PRIME_GETAGENT": "獲取問答機",
	"SS_BLOCK_PRIME_SHOWPROBLEM": "從問答機 %1 獲取第 %2 個問題",
	"SS_BLOCK_PRIME_RECORDVOICE": "開始錄音",
	"SS_BLOCK_PRIME_RECVOICE": "對 %1 進行語音識別",
	"SS_BLOCK_PRIME_CHECKPROBLEMANSWER": "判斷問答機 %1 的問題 %2 的回答 %3 的答案",
	"SS_BLOCK_PRIME_SWAPFACE": "交換圖像 %1 與圖像 %2 中的人臉",
	"SS_BLOCK_PRIME_GETDATABASE": "獲取數據庫",
	"SS_BLOCK_PRIME_GETLITTLESTAR": "獲取小星星樂曲",
	"SS_BLOCK_PRIME_GENMUSIC": "續寫長度 %1 相似度 %2 的音樂",
	"SS_BLOCK_PRIME_GETMUSICFROMDIGITS": "將簡譜 %1 轉換成音樂",
	"SS_BLOCK_PRIME_FINDSIMILAR": "在數據庫 %1 中找到簡譜 %2 的相似樂曲",
	"SS_BLOCK_PRIME_GETFEATURE": "提取圖像 %1 中矩形框 %2 內的特徵",
	"SS_BLOCK_PRIME_CROPFACE": "提取圖像 %1 中矩形框 %2 內的區域",
	"SS_BLOCK_PRIME_CLUSTERFACE": "對特徵列表 %1 進行聚類",
	"SS_BLOCK_PRIME_LOADBOARDIMG": "加載標準棋盤格圖像",
	"SS_BLOCK_PRIME_FINDBOARDCORNERS": "檢測圖片 %1 中的棋盤格關鍵點",
	"SS_BLOCK_PRIME_GETMAP": "生成隨機地圖",
	"SS_BLOCK_PRIME_DISTANCE": "獲取地圖 %1 從點 %2 到點 %3 的距離",
	"SS_BLOCK_PRIME_FACEBEAUTY": "將圖片 %1 轉換成可編輯模式",
	"SS_BLOCK_PRIME_WHITENSKIN": "以 %2 程度美白 %1 中的皮膚",
	"SS_BLOCK_PRIME_DERMABRASION": "以 %2 程度對圖像 %1 進行磨皮",
	"SS_BLOCK_PRIME_BOKEH": "以 %2 程度對圖像 %1 進行背景虛化",
	"SS_BLOCK_PRIME_GETQUESTION": "獲取問題",
	"SS_BLOCK_PRIME_ETRECOMMEND": "根據問題 %1 獲取推薦",
	"SS_BLOCK_PRIME_IMSHOW": "顯示圖像 %1",
	"SS_BLOCK_PRIME_PRINTLENGTH": "打印編碼 %1 的長度",
	"SS_BLOCK_PRIME_SHOWVECTOR": "可視化一維數據 %1",
	"SS_BLOCK_PRIME_BLEND": "可視化 %1 過渡到 %2",
	"SS_BLOCK_PRIME_IMSHOWWITHRECTS": "在圖像%1可視化人臉框 %2",
	"SS_BLOCK_PRIME_MP3WRITE": "將樂曲 %1 保存",
	"SS_BLOCK_PRIME_PLAYMUSIC": "播放地址 %1 的音樂",
	"SS_BLOCK_PRIME_IMSHOWTHUMBNAIL": "顯示圖像列表 %1 的略縮圖",
	"SS_BLOCK_PRIME_DRAWCORNERS": "在圖片 %1 中根據檢測結果 %2 畫出關鍵點",
	"SS_BLOCK_PRIME_RUNBOARD": "循環運行棋盤格檢測",
	"SS_BLOCK_PRIME_SHOWMAP": "展示地圖 %1",
	"SS_BLOCK_PRIME_VISUALIZE": "可視化商品列表",
	"SS_BTN_OK": "OK",
	"SS_BTN_CANCEL": "取消",
	"SS_BLOCK_PRIM3_IMSHOW": "顯示圖像 %1",
	"SS_BLOCK_PRIM3_SHOWINLINE": "在同一行展示圖像列表 %1",
	"SS_BLOCK_PRIM3_TRAINLINEARCLASSIFIER": "根據特徵 %2 和標籤 %3 訓練模型 %1",
	"SS_BLOCK_PRIM3_PLAYIMGS": "播放圖像序列 %1 幀頻 %2",
	"SS_BLOCK_PRIM3_TRACKING": "以矩形框 %2 為初始化位置對圖像序列 %1 中的物體進行追踪, 配置為 %3",
	"SS_BLOCK_PRIM3_SHOWFEATURE": "可視化模型 %1 的特徵",
	"SS_BLOCK_PRIM3_SHOWWITHRECTS": "在圖像 %1 中可視化矩形框列表 %2",
	"SS_BLOCK_PRIM3_COMPARE": "比較特徵 %1 和特徵 %2 是否為同一人, 閾值 %3",
	"SS_BLOCK_PRIM3_DETECTFACE": "檢測圖片 %1 中的人臉",
	"SS_BLOCK_PRIM3_EXTRACTFEATURE": "提取圖像 %1 矩形區域 %2 的特徵",
	"SS_BLOCK_PRIM3_LOADIMG": "從 path 加載圖片%1",
	"SS_BLOCK_PRIM3_LOADIMGFROMURL": "從 url 加載圖像%1",
	"SS_BLOCK_PRIM3_TAKEPHOTO": "拍攝圖像",
	"SS_BLOCK_PRIM3_CLASSIFY": "對圖片 %1 進行分類",
	"SS_BLOCK_PRIM3_GETCLASSIFIER": "獲取分類器",
	"SS_BLOCK_PRIM3_ADDRECT2IMG": "在圖像 %1 上, 畫框 %2, 顏色 %3, 序號 %4",
	"SS_BLOCK_PRIM3_CROPIMG": "截取圖像 %1 的矩形區域 %2",
	"SS_BLOCK_PRIM3_DETECT": "用模型 %2 檢測圖片 %1 中的 %3 類物體 ",
	"SS_BLOCK_PRIM3_GETDETECTIONMODEL": "獲得檢測模型",
	"SS_BLOCK_PRIM3_RUNSYSTEM": "運行打卡系統，數據庫 %1 閾值%2 自動停止 %3",
	"SS_BLOCK_PRIM3_EXTRACTHOGFEATURE": "提取序列 %1 的HOG特徵",
	"SS_BLOCK_PRIM3_GETLINEARCLASSIFIER": "獲得線性分類模型",
	"SS_BLOCK_PRIM3_LOADIMGSFROMFOLDER": "提取文件夾 %1 的所有圖片",
	"SS_BLOCK_PRIM3_TESTLINEARCLASSIFIER": "用模型 %1 測試特徵 %2",
	"SS_BLOCK_PRIM3_DETECTIONFUNC": "檢測圖像 %1 並添加檢測框",
	"SS_BLOCK_PRIM3_GETVIDEOCONTENT": "獲取視頻 %1 處理函數 %2 檢測後的結果",
	"SS_BLOCK_PRIM3_GETVIDEOINFO": "獲取視頻 %1 的基本信息",
	"SS_BLOCK_PRIM3_RECORDVIDEO": "錄製視頻",
	"SS_BLOCK_PRIM3_SELECTRECT": "在圖像 %1 中選出目標區域",
	"SS_BLOCK_PRIM3_ADD2DATASET": "將特徵 %3 以姓名 %2 添加到數據庫 %1",
	"SS_BLOCK_PRIM3_GETEMPTYDICT": "獲得一個數據集",
	"SS_BLOCK_PRIM3_GETFEATURE": "獲取數據庫 %1 姓名 %2 的特徵",
	"SS_BLOCK_PRIM3_COPYIMG": "拷貝圖像 %1",
	"SS_BLOCK_PRIM3_GETRECTINF": "獲取矩形 %1 的 %2 坐標",
	"SS_BLOCK_PRIM3_FINDMAXFACE": "在檢測結果 %1 中找到最大的矩形框",
	"SS_BLOCK_PRIM3_SELECTMAXFACE": "在圖像 %1上畫出最大人臉 %2",
	"SS_BLOCK_PRIM3_MAXNUM": "獲得數字 %1 和 %2 的最大值",
	"SS_BLOCK_PRIM3_DROPDOWN_LEFT": "左邊",
	"SS_BLOCK_PRIM3_DROPDOWN_RIGHT": "右邊",
	"SS_BLOCK_PRIM3_DROPDOWN_TOP": "頂部",
	"SS_BLOCK_PRIM3_DROPDOWN_BOTTOM": "底部",
	"SS_BLOCK_PRIM_GETFASTESTROAD": "獲取地圖 %1 的最快路徑",
	"SS_BLOCK_PRIM_GETANSWER": "根據回答 %1 進行反饋",
	"SS_BLOCK_PRIME_SETALBUM": "根據特徵%1和聚類結果%2將圖像%3構建成相冊",
	"SS_BLOCK_PRIM4_IMAGETOTEXT": "描述圖片 %1",
	"SS_BLOCK_PRIM4_IMAGETOTEXTURL": "描述圖片 %1",
	"SS_BLOCK_PRIM4_PLOTSCATTER": "畫出數據 %1 的散點圖",
	"SS_BLOCK_PRIM4_CHECKAUTHENTICITY": "檢測數據 %2 是否符合模型 %1",
	"SS_BLOCK_PRIM4_GETIMAGE": "從模型 %1 畫出數據 %2 的圖像",
	"SS_BLOCK_PRIM4_IMSHOW": "顯示圖像 %1",
	"SS_BLOCK_PRIM4_PRINTLENGTH": "打印編碼 %1 的長度",
	"SS_BLOCK_PRIM4_SHOWVECTOR": "可視化一維數據 %1",
	"SS_BLOCK_PRIM4_BLEND": "可視化 %1 過渡到 %2",
	"SS_BLOCK_PRIM4_INFER": "根據模型 %1 和數據 %2 生成",
	"SS_BLOCK_PRIM4_FEATUREWALKING": "根據模型 %1 生產特徵漫步",
	"SS_BLOCK_PRIM4_MP3WRITE": "將樂曲 %1 保存",
	"SS_BLOCK_PRIM4_PLAYMUSIC": "播放地址 %1 的音樂",
	"SS_BLOCK_PRIM4_GETSTICKER": "通過四點%2 %3 %4 %5和情緒%6，製作%1的表情包",
	"SS_BLOCK_PRIM4_GETRANDOMWORD": "從%1中生成長度%2的文字",
	"SS_BLOCK_PRIM4_GETCONTXTWORD": "從主語%1，謂語%2，賓語%3生成句子",
	"SS_BLOCK_PRIM4_GETMODEL": "加載模型",
	"SS_BLOCK_PRIM4_GETNEXTWORD": "從模型%1獲取%2的下一個詞",
	"SS_BLOCK_PRIM4_PREDICTSENTENCE": "從模型%1根據%2生成句子",
	"SS_BLOCK_PRIM4_LISTNEXTWORD": "從模型%1列出%2的後三個詞",
	"SS_BLOCK_PRIM4_LOADDATA": "加載數據",
	"SS_BLOCK_PRIM4_TRAINMODEL": "從數據%1訓練模型",
	"SS_BLOCK_PRIM4_GETSAMPLE": "從模型%1中隨機生成%2個數據",
	"SS_BLOCK_PRIM4_LOADIMG": "從 path 加載圖像 %1",
	"SS_BLOCK_PRIM4_LOADIMGFROMURL": "從 url 加載圖像 %1",
	"SS_BLOCK_PRIM4_ALIGNFACE": "轉正%1中的人臉",
	"SS_BLOCK_PRIM4_GETFACEFEATURE": "提取人臉特徵 %1",
	"SS_BLOCK_PRIM4_DECODE": "將特徵%1轉換成圖片",
	"SS_BLOCK_PRIM4_RANDOMGENERATE": "隨機生成長度為%1的數據",
	"SS_BLOCK_PRIM4_LISTSLICING": "切出列表%1第%2個元素到第%3個元素",
	"SS_BLOCK_PRIM4_LISTADDING": "合併列表%1和列表%2",
	"SS_BLOCK_PRIM4_LOADMNISTMODEL": "加載手寫數字識別模型",
	"SS_BLOCK_PRIM4_GENERATENOISE": "從模型%1生成噪音",
	"SS_BLOCK_PRIM4_GETLITTLESTAR": "獲取小星星樂曲",
	"SS_BLOCK_PRIM4_GENMUSIC": "續寫長度%1，相似度%2的音樂",
	"SS_BLOCK_PRIM4_GETMUSICFROMDIGITS": "將簡譜%1轉換成音樂",
	"SS_BLOCK_PRIM4_CONTINUEMUSIC": "根據%3續寫長度%1，相似度%2的音樂",
	"SS_BLOCK_PRIM4_GETEMOJIDATA": "從 path %1加載製作emoji的圖像",
	"SS_BLOCK_PRIM4_GETEMOJIDATAFROMURL": "從 url %1加載製作emoji的圖像",
	"SS_BLOCK_PRIM4_DETECTKEYPOINTS": "檢測圖像%1的關鍵點",
	"SS_BLOCK_PRIM4_DRAWPOINTS": "在圖片 %1 上畫上關鍵點 %2",
	"SS_BLOCK_PRIM4_STYLETRANSFER": "從 path %1加載圖片並轉換為%2風格",
	"SS_BLOCK_PRIM3_SETDICTVALUE": "將%1中%2的值設為%3",
	"SS_BLOCK_VCAR_MULTI_LIGHT": "多光電傳感器巡線 %1 %2 %3",
	"SS_PRIM1_IMSHOW": "顯示圖像%1",
	"SS_PRIM1_PRINT_LENGTH": "打印特徵長度%1",
	"SS_PRIM1_ADD_IMAGE": "將人物圖片%2及對應特徵%3和人名%4添加到可視化模型%1中",
	"SS_PRIM1_FIT_TRANSFORM": "訓練可視化模型%1並轉換特徵",
	"SS_PRIM1_SHOW_VISUALIZE": "使用圖表%2，顯示模型%1",
	"SS_PRIM1_VISUALIZE_IMAGE": "根據模型%1可視化圖像轉換後的特徵",
	"SS_PRIM1_TRANSFORM": "根據可視化模型%1轉換圖片%2及特徵%3和名字%4為坐標",
	"SS_PRIM1_GET_FRUIT_RESULT": "根據模型%1顯示檢測結果",
	"SS_PRIM1_SHOW_HOG": "畫出HOG特徵%1",
	"SS_PRIM1_PLAYMUSIC": "播放地址%1的音樂",
	"SS_PRIM1_SHOW_WITH_RECT": "畫出%1中的人臉%2",
	"SS_PRIM1_THUMBNAIL": "連續畫出圖片%1",
	"SS_PRIM1_DRAWCORNERS": "在圖片%1中根據檢測結果%2畫出關鍵點",
	"SS_PRIM1_RUN": "循環運行棋盤格檢測",
	"SS_PRIM1_SHOWMAP": "展示地圖%1",
	"SS_PRIM1_FILTER_WHITENING_SKIN": "以%2程度美白%1中的皮膚",
	"SS_PRIM1_FILTER_DERMABRASION": "以%2程度對圖像%1進行磨皮",
	"SS_PRIM1_FILTER_BOKEH": "以%2程度對圖像%1進行背景虛化",
	"SS_PRIM1_GETQUESTION": "獲取問題",
	"SS_PRIM1_GETRECOMMEND": "根據喜好%1獲取推薦",
	"SS_PRIM1_VISUALIZE": "可視化商品列表",
	"SS_PRIM1_PLOTVOICE": "展示語音波形",
	"SS_PRIM1_LOAD_IMAGE": "加載圖像%1",
	"SS_PRIM1_LOAD_IMAGE_URL": "從url加載圖像%1",
	"SS_PRIM1_GET_FACE_FEATURE": "獲取圖像特徵%1",
	"SS_PRIM1_GET_VISUALIZER": "初始化可視化模型",
	"SS_PRIM1_VISUALIZE_POINTS": "根據模型%1生成散點",
	"SS_PRIM1_VISUALIZE_EDGES": "根據模型%1生成相似度大於%2的點之間的連線",
	"SS_PRIM1_COMBINE_PLOTS": "合併圖表%1，%2",
	"SS_PRIM1_GET_FRUIT_DETECTOR": "初始化水果識別句柄",
	"SS_PRIM1_DETECT_FRUIT": "根據模型%1檢測圖片%2中的水果",
	"SS_PRIM1_DRAW_RECT": "使用%1標記%2中檢測出的水果",
	"SS_PRIM1_GET_HOG": "獲取圖片%1的HOG特徵",
	"SS_PRIM1_BLOCK_IMAGE": "在圖片%1上生成遮擋",
	"SS_PRIM1_GET_EMOTION_RECOGNIZER": "初始化表情識別模型",
	"SS_PRIM1_RECOGNIZE_EMOTION": "根據模型%1識別圖片%2表情",
	"SS_PRIM1_GETAGENT": "獲取問答機",
	"SS_PRIM1_SHOWPROBLEM": "從問答機%1獲取第%2個問題",
	"SS_PRIM1_RECORDVOICE": "開始錄音",
	"SS_PRIM1_CHECK": "判斷問答機%1的問題%2的回答%3的答案",
	"SS_PRIM1_SWAP_FACE": "交換圖像%1與圖像%2中的人臉",
	"SS_PRIM1_GETDATABASE": "獲取數據庫",
	"SS_PRIM1_GETLITTLESTAR": "獲取小星星樂曲",
	"SS_PRIM1_GENMUSIC": "續寫長度%1，相似度%2的音樂",
	"SS_PRIM1_MP3WRITE": "將樂曲%1保存",
	"SS_PRIM1_FINDSIMILAR": "在數據庫%2中找到簡譜%1的相似樂曲",
	"SS_PRIM1_GETMUSICFROMDIGITS": "將簡譜%1轉換成音樂",
	"SS_PRIM1_GET_CLUSTER": "初始化聚類模型",
	"SS_PRIM1_CLUSTER_FACE": "使用模型%1對圖片們%2進行聚類",
	"SS_PRIM1_GET_RECT": "根據模型%1獲取圖片%2中的人臉",
	"SS_PRIM1_CROP": "裁剪出%1中的人臉%2",
	"SS_PRIM1_SET_ALBUM": "根據聚類結果%1和圖片%2設置相冊",
	"SS_PRIM1_LOADBOARDIMG": "加載標準棋盤格圖像",
	"SS_PRIM1_FINDBOARDCORNERS": "檢測圖片%1中的棋盤格關鍵點",
	"SS_PRIM1_GETMAP": "生成隨機地圖",
	"SS_PRIM1_GETFASTESTROAD": "獲取地圖最短路徑%1",
	"SS_PRIM1_FACEBEAUTY": "將圖片%1轉換成可編輯模式",
	"SS_PRIM1_GETANSWER": "喜好回答為%1",
	"SS_PRIM3_GET_NET_HANDLE": "初始化貓兔檢測句柄",
	"SS_PRIM3_GET_CLASSIFIER": "初始化貓兔分類句柄",
	"SS_PRIM3_LOAD_IMAGE_FOLDER": "從文件夾%1加載圖片",
	"SS_PRIM3_GET_ANIMAL_FEATURE": "根據模型%1獲取圖片%2的特徵",
	"SS_PRIM3_COMBINE_DATASET": "合併圖片集%1,%2",
	"SS_PRIM3_TRAIN": "根據模型%1特徵%2和標籤%3訓練",
	"SS_PRIM3_PREDICT": "根據模型%1特徵%2進行預測",
	"SS_PRIM3_GET_HOG": "獲取圖片%1的HOG特徵",
	"SS_PRIM3_SHOW_HOG": "畫出HOG特徵%1",
	"SS_PRIM4_IMAGETOTEXT": "描述圖片%1",
	"SS_PRIM4_IMAGETOTEXTURL": "描述圖片%1",
	"SS_PRIM4_PLOTSCATTER": "畫出數據%1的散點圖",
	"SS_PRIM4_CHECKAUTHENTICITY": "檢測數據%2是否符合模型%1",
	"SS_PRIM4_GETIMAGE": "從模型%1畫出數據%2的圖像",
	"SS_PRIM4_IMSHOW": "顯示圖像%1",
	"SS_PRIM4_PRINTLENGTH": "打印編碼%1的長度",
	"SS_PRIM4_SHOWVECTOR": "可視化一維數據%1",
	"SS_PRIM4_BLEND": "可視化%1過渡到%2",
	"SS_PRIM4_INFER": "根據模型%1和數據%2生成",
	"SS_PRIM4_FEATUREWALKING": "根據模型%1生產特徵漫步",
	"SS_PRIM4_PLAYMUSIC": "播放地址%1的音樂",
	"SS_PRIM4_GETSTICKER": "通過點%2，點%3，點%4，點%5，和情緒%6，製作%1的表情包",
	"SS_PRIM4_SHAPE": "顯示%1的高度和寬度",
	"SS_PRIM4_JUDGE": "判斷%1鼻子位置的合理性",
	"SS_PRIM4_GETRANDOMWORD": "從%1中生成長度%2的文字",
	"SS_PRIM4_GETCONTXTWORD": "從主語%1，謂語%2，賓語%3生成句子",
	"SS_PRIM4_LOADMODEL": "加載模型",
	"SS_PRIM4_GETNEXTWORD": "從模型%1獲取%2的下一個詞",
	"SS_PRIM4_PREDICTSENTENCE": "從模型%1根據%2生成句子",
	"SS_PRIM4_LISTNEXTWORD": "從模型%1根據%2羅列可能的下一個詞",
	"SS_PRIM4_LOADDATA": "加載數據",
	"SS_PRIM4_TRAINMODEL": "從數據%1訓練模型",
	"SS_PRIM4_GETSAMPLE": "從模型%1中隨機生成%2個數據",
	"SS_PRIM4_LOADIMG": "加載圖像%1",
	"SS_PRIM4_LOADIMGFROMURL": "從URL加載圖像%1",
	"SS_PRIM4_ALIGNFACE": "轉正%1中的人臉",
	"SS_PRIM4_GETFACEFEATURE": "提取特徵%1",
	"SS_PRIM4_DECODE": "將特徵%1轉換成圖片",
	"SS_PRIM4_RANDOMGENERATE": "隨機生成長度為%1的數據",
	"SS_PRIM4_LISTSLICING": "切出列表%1第%2個元素到第%3個元素",
	"SS_PRIM4_LISTADDING": "合併列表%1和列表%2",
	"SS_PRIM4_LOADMNISTMODEL": "加載手寫數字識別模型",
	"SS_PRIM4_GENERATENOISE": "從模型%1生成噪音",
	"SS_PRIM4_GETLITTLESTAR": "獲取小星星樂曲",
	"SS_PRIM4_GENMUSIC": "續寫長度%1，相似度%2的音樂",
	"SS_PRIM4_MP3WRITE": "將樂曲%1保存",
	"SS_PRIM4_GETMUSICFROMDIGITS": "將簡譜%1轉換成音樂",
	"SS_PRIM4_CONTINUEMUSIC": "根據%3續寫長度%1，相似度%2的音樂",
	"SS_PRIM4_GETEMOJIDATA": "加載製作emoji的圖像%1",
	"SS_PRIM4_GETEMOJIDATAFROMURL": "從URL加載製作emoji的圖像%1",
	"SS_PRIM4_DETECTKEYPOINTS": "檢測圖像%1的關鍵點",
	"SS_PRIM4_DRAWPOINTS": "在圖片%1上畫上關鍵點%2",
	"SS_PRIM4_GET_TRANSFERER": "初始化風格化模型",
	"SS_PRIM4_TRANSFORM_STYLE": "通過模型%1將圖片%2轉化為風格%3",
	"SS_PRIM4_PUTNOSE": "將鼻子貼在人臉的(%1,%2)位置",
	"SS_PRIM4_GENERATE": "生成合理的鼻子位置坐標第%1個值",
	"SS_PRIM5_PLOT": "繪製%1wav文件的波形",
	"SS_PRIM5_PLAY_VOICE": "播放%1的音頻內容",
	"SS_PRIM5_GO_STRAIGHT_LITE": "短時間直行",
	"SS_PRIM5_GO_STRAIGHT": "長時間直行",
	"SS_PRIM5_STOP_LITE": "短時間停止",
	"SS_PRIM5_STOP": "長時間停止",
	"SS_PRIM5_TURN_LEFT_LITE": "微微向左轉彎",
	"SS_PRIM5_TURN_LEFT": "左轉",
	"SS_PRIM5_TURN_RIGHT_LITE": "微微向右轉彎",
	"SS_PRIM5_TURN_RIGHT": "右轉",
	"SS_PRIM5_SHOW_HDMAP": "顯示高精度地圖",
	"SS_PRIM5_GO_STRAIGHT_WITH_UNCERTAINTY": "帶有誤差的長時間直行",
	"SS_PRIM5_FIX_ERROR": "修正誤差%1%2",
	"SS_PRIM5_SHOW_MAP": "顯示地圖",
	"SS_PRIM5_RECORD_AUDIO": "錄入時長為%1的語音",
	"SS_PRIM5_RECOG_AUDIO": "對wav文件%1進行語音識別",
	"SS_PRIM5_SHOW_POETRY": "加載古詩庫並展示",
	"SS_PRIM5_CHOOSE_POETRY": "選擇%1古詩庫中的%2",
	"SS_PRIM5_SENSE": "獲取傳感器數據",
	"SS_PRIM5_GET_PROB": "輸入坐標%1以及傳感器數據%2,獲取處於當前位置的概率",
	"SS_PRIM5_GET_POSITION": "獲取位置數據",
	"SS_PRIM5_GET_ANGLE": "獲取角度數據",
	"SS_PRIM5_FIND_PATH": "獲取從%1到%2的路徑規劃結果",
	"SS_PRIM5_GET_DIRECTION": "獲取相對方向%1%2%3",
	"SS_PRIM5_GET_SENSOR_CONTENT": "獲取單個傳感器數據%1%2%3",
	"SS_PRIM6_IMSHOW": "輸出區域顯示圖像%1",
	"SS_PRIM6_SHOW": "顯示圖像%1",
	"SS_PRIM6_SHOW_GRAPH": "顯示網狀圖%1",
	"SS_PRIM6_PAGERANK": "計算pagerank分數%1",
	"SS_PRIM6_ADD_EDGE": "在%1網絡的%2和%3節點建立鏈接",
	"SS_PRIM6_SHOW_GOOD": "抽樣展示好零件",
	"SS_PRIM6_SHOW_ALL": "抽樣展示所有零件",
	"SS_PRIM6_SHOW_DIFF": "展示%1和%2圖之間的差距",
	"SS_PRIM6_ZOOM_IN": "對圖%1在(%2,%3)位置放大顯示",
	"SS_PRIM6_PASSING": "在詞列表%1中設置白名單%2",
	"SS_PRIM6_BLOCK": "在詞列表%1中設置黑名單%2",
	"SS_PRIM6_DROP_NA": "從%1中去掉無效數據",
	"SS_PRIM6_STORM_GET_IMAGE": "拍照採集圖片",
	"SS_PRIM6_STORM_SHOW_IMAGE": "顯示圖片%1",
	"SS_PRIM6_STORM_BEEP": "發出警報",
	"SS_PRIM6_STORM_SLEEP": "停止%1秒",
	"SS_PRIM6_STORM_GO": "左輪%1右輪%2運動%3秒",
	"SS_PRIM6_STORM_RUN": "左輪%1右輪%2運動%3秒",
	"SS_PRIM6_STORM_EMSSION": "以%1速度投擲",
	"SS_PRIM6_STORM_LIFT": "舉起物品",
	"SS_PRIM6_STORM_OPEN_DOOR": "open_door",
	"SS_PRIM6_STORM_CLOSE_DOOR": "close_door",
	"SS_PRIM6_STORM_GET_INTENSITY": "get intensity at %1",
	"SS_PRIM6_STORM_GET_DISTANCE": "get distance at %1",
	"SS_PRIM6_STORM_LAY_DOWN": "放下物品",
	"SS_PRIM6_STORM_SPRAY_WATER_POWERFUL": "強力噴灑",
	"SS_PRIM6_STORM_SPRAY_WATER_MILD": "柔和噴灑",
	"SS_PRIM6_STORM_CONTROL_BED_ANGLE": "控制病床升降%1度",
	"SS_PRIM6_STORM_CONTROL_LIFT_BED": "控制病床升起",
	"SS_PRIM6_STORM_CONTROL_LAY_DOWN_BED": "控制病床下降",
	"SS_PRIM6_STORM_AUTO_RESIDUAL_TRASH_CAN": "控制干垃圾桶自動開合",
	"SS_PRIM6_STORM_CLOSE_RESIDUAL_TRASH_CAN": "控制干垃圾桶閉合",
	"SS_PRIM6_STORM_AUTO_HOUSEHOLD_TRASH_CAN": "控制濕垃圾桶自動開合",
	"SS_PRIM6_STORM_CLOSE_HOUSEHOLD_TRASH_CAN": "控制濕垃圾桶閉合",
	"SS_PRIM6_STORM_COLLECT_RESIDUAL_WASTE": "採集一張乾垃圾圖片",
	"SS_PRIM6_STORM_COLLECT_HOUSEHOLD_WASTE": "採集一張濕垃圾圖片",
	"SS_PRIM6_STORM_COLLECT_RESIDUAL_WASTE_URL": "通過url%1採集一張乾垃圾圖片",
	"SS_PRIM6_STORM_COLLECT_HOUSEHOLD_WASTE_URL": "通過url%1採集一張濕垃圾圖片",
	"SS_PRIM6_STORM_SHOW_RESIDUAL_WASTE": "顯示幹垃圾圖片",
	"SS_PRIM6_STORM_SHOW_HOUSEHOLD_WASTE": "顯示濕垃圾圖片",
	"SS_PRIM6_STORM_IMSHOW_RESIDUAL_WASTE": "輸出區顯示幹垃圾圖片",
	"SS_PRIM6_STORM_IMSHOW_HOUSEHOLD_WASTE": "輸出區顯示濕垃圾圖片",
	"SS_PRIM6_STORM_TRAIN_TRASH_MODEL": "訓練垃圾分類的模型",
	"SS_PRIM6_LOAD_IMAGE_URL": "通過url%1加載圖像",
	"SS_PRIM6_LOAD_IMAGE": "加載圖像%1",
	"SS_PRIM6_SHOPPING": "檢測商品%1",
	"SS_PRIM6_GENERATE_ITEM": "隨機生成第%1類商品",
	"SS_PRIM6_CHOSE_ITEM": "選取商品%1",
	"SS_PRIM6_PREDICT": "檢測圖%1中飛機",
	"SS_PRIM6_ADD_RECT": "將框%1畫在圖%2上",
	"SS_PRIM6_GET_LIST": "從%1獲取文件名列表",
	"SS_PRIM6_GET_DICT": "從路徑%1按照文件名%2獲取詞頻字典",
	"SS_PRIM6_INIT_MODEL": "通過%1，%2，%3，%4建立模型",
	"SS_PRIM6_GET_TEST_WORDS": "利用%1和模型%2計算詞概率列表",
	"SS_PRIM6_CALCULATE_BAYES": "通過%1計算垃圾郵件概率",
	"SS_PRIM6_GET_TXT": "獲取%1的文字",
	"SS_PRIM6_READ_TABEL": "從%1讀取數據",
	"SS_PRIM6_NP_ARRAY": "將%1轉為numpy數組",
	"SS_PRIM6_NP_CLIP": "將數組%1截取到(%2,%3)範圍內",
	"SS_PRIM6_FIT_TRANSFORM": "將%1轉為主元表示",
	"SS_PRIM6_KMEANS_CLUSTER": "將%2聚為%1類",
	"SS_PRIM6_GET_LABELS": "得到%1聚類結果標籤",
	"SS_PRIM6_NP_WHERE": "找到%1中值為%2的位置序號",
	"SS_PRIM6_GET_ID": "從聚類列表%1中找到%2的類別",
	"SS_PRIM6_STORM_GET_LIGHT": "獲取%1亮度",
	"SS_PRIM6_STORM_GET_WIDTH": "獲取%1色塊寬度",
	"SS_PRIM6_STORM_CLASSIFY_DIGITS": "識別%1中數字",
	"SS_PRIM6_STORM_CLASSIFY_IMAGE": "識別%1圖片種類",
	"SS_PRIM6_STORM_DETECT_EYE_STATE": "檢測%1中人眼狀態",
	"SS_PRIM6_STORM_DETECT_HEAD_ANGLE": "檢測%1中人體頭部俯仰角",
	"SS_PRIM6_STORM_CLASSIFY_TRASH": "識別%1中垃圾種類",
	"SS_PRIM6_STORM_GET_TRASH_MODEL": "獲取垃圾分類模型",
	"SS_PRIM6_STORM_TRASH_MODEL_PREDICT": "預測%1垃圾種類",
	"SS_PRIM6_GET_PRICE": "計算%1中商品價格，並顯示",
	"SS_PRIM6_GET_GRAPH": "以節點數%1，鏈接概率%2生成網狀圖",
	"SS_PRIM6_DISJOINT_UNION": "合併兩個獨立網絡%1，%2",
	"SS_PRIM6_CUT_WORD": "對%1進行分詞",
	"SS_PRIM6_WORD_CLOUD": "顯示%1的詞云參數為%2",
	"SS_PRIM6_STORM_MOTOR_A_RUN_TIME": "控制電機A以%1速度轉動%2時間",
	"SS_PRIM6_STORM_MOTOR_C_RUN_TIME": "控制電機C以%1速度轉動%2時間",
	"SS_PRIM6_STORM_MOTOR_B_RUN_TIME": "控制電機B以%1速度轉動%2時間",
	"SS_PRIM6_STORM_MOTOR_D_RUN_TIME": "控制電機D以%1速度轉動%2時間",
	"SS_PRIM6_GET_RESULT": "得到檢測詞典%1中的結果%2",
	"SS_PRIM6_DIVIDE_DATA": "從%1中分出預測用的數據",
	"SS_PRIM6_DIVIDE_LABEL": "從%1中分出推薦結果",
	"SS_PRIM6_CONCAT_STRING": "將路徑%1、數字%2、路徑%3結合",
	"SS_PRIM6_SQUARE_SUM": "獲取誤差數據%1的平方和",
	"SS_PRIM6_GRAY": "獲取%1的灰度圖",
	"SS_PRIM1_NOLOCAL_SPEECHRECOG": "識別%1中的文字",
	"SS_PRIM1_NOLOCAL_PLAYAUDIO": "播放音頻%1",
	"SS_PRIM1_NOLOCAL_ARONIMAGE": "在圖片嗎%1上生成AR圖片",
	"SS_PRIM1V1_IMSHOW": "顯示圖像%1",
	"SS_PRIM1V1_LOAD_IMAGE": "加載圖像%1",
	"SS_PRIM1V1_LOAD_IMAGE_URL": "從url加載圖像%1",
	"SS_PRIM1V1_LOAD_IMAGE_ANIMAL": "加載動物%1的第%2張圖片",
	"SS_PRIM1V1_LOAD_IMAGE_PLANT": "加載植物%1的第%2張圖片",
	"SS_PRIM1V1_LOAD_IMAGE_FRUITANDVEGETABLE": "加載果蔬%1的第%2張圖片",
	"SS_PRIM1V1_RECOGNIZE_ANIMAL": "識別圖%1中的動物",
	"SS_PRIM1V1_RECOGNIZE_PLANT": "識別圖%1中的植物",
	"SS_PRIM1V1_RECOGNIZE_FRUITANDVEGETABLE": "識別圖%1中的果蔬",
	"SS_PRIM1V1_THUMBNAIL": "連續畫出圖片%1",
	"SS_PRIM1V1_FILTER_WHITENING_SKIN": "以%2程度美白%1中的皮膚",
	"SS_PRIM1V1_FILTER_DERMABRASION": "以%2程度對圖像%1進行磨皮",
	"SS_PRIM1V1_FILTER_BOKEH": "以%2程度對圖像%1進行背景虛化",
	"SS_PRIM1V1_LOAD_CLUSTER_DATA": "加載聚類圖片",
	"SS_PRIM1V1_GETQUESTION": "獲取問題，隨機數%1",
	"SS_PRIM1V1_GETRECOMMEND": "根據喜好%1獲取推薦",
	"SS_PRIM1V1_VISUALIZE": "可視化商品列表",
	"SS_PRIM1V1_BLOCK_IMAGE": "在圖片%1上進行%2位置的遮擋",
	"SS_PRIM1V1_RECOGNIZE_EMOTION": "識別圖片%1表情",
	"SS_PRIM1V1_SWAP_FACE": "交換圖像%1與圖像%2中的人臉",
	"SS_PRIM1V1_GETDATABASE": "獲取數據庫",
	"SS_PRIM1V1_GETLITTLESTAR": "獲取小星星樂曲",
	"SS_PRIM1V1_GENMUSIC": "續寫長度%1的音樂",
	"SS_PRIM1V1_MP3WRITE": "將樂曲%1保存",
	"SS_PRIM1V1_PLAYMUSIC": "播放地址%1的音樂",
	"SS_PRIM1V1_FINDSIMILAR": "在數據庫%2中找到簡譜%1的相似樂曲",
	"SS_PRIM1V1_GETMUSICFROMDIGITS": "將簡譜%1轉換成音樂",
	"SS_PRIM1V1_GETAGENT": "獲取問答機",
	"SS_PRIM1V1_SHOWPROBLEM": "從問答機%1獲取第%2個問題",
	"SS_PRIM1V1_RECORDVOICE": "開始錄音",
	"SS_PRIM1V1_CHECK": "判斷問答機%1的問題%2的回答%3的答案",
	"SS_PRIM1V1_PLOTVOICE": "展示語音波形",
	"SS_PRIM1V1_GET_CLUSTER": "初始化聚類模型",
	"SS_PRIM1V1_CLUSTER_FACE": "使用模型%1對圖片們%2進行聚類",
	"SS_PRIM1V1_GET_RECT": "根據模型%1獲取圖片%2中的人臉",
	"SS_PRIM1V1_SHOW_WITH_RECT": "畫出%1中的人臉%2",
	"SS_PRIM1V1_CROP": "裁剪出%1中的人臉%2",
	"SS_PRIM1V1_SET_ALBUM": "根據聚類結果%1和圖片%2設置相冊",
	"SS_PRIM1V1_LOADBOARDIMG": "加載標準棋盤格圖像",
	"SS_PRIM1V1_FINDBOARDCORNERS": "檢測圖片%1中的棋盤格關鍵點",
	"SS_PRIM1V1_DRAWCORNERS": "在圖片%1中根據檢測結果%2畫出關鍵點",
	"SS_PRIM1V1_RUN": "循環運行棋盤格檢測",
	"SS_PRIM1V1_GETMAP": "生成隨機地圖",
	"SS_PRIM1V1_SHOWMAP": "展示地圖%1",
	"SS_PRIM1V1_GETFASTESTROAD": "獲取地圖最短路徑%1",
	"SS_PRIM1V1_GETANSWER": "喜好回答為%1",
	"SS_PRIM1V2_FILTER_WHITENING_SKIN": "以%2程度美白%1中的皮膚",
	"SS_PRIM1V2_FILTER_DERMABRASION": "以%2程度對圖像%1進行磨皮",
	"SS_PRIM1V2_FILTER_BOKEH": "以%2程度對圖像%1進行背景虛化",
	"SS_MENU_EXPORT_TO_LOCAL": "Export to Local",
	"SS_MENU_EXPORT_TO_FOLD": "Export to Fold",
	"SS_MENU_INPORT_FROM_LOCAL": "Import from Local",
	"SS_MENU_INPORT_FROM_FOLD": "Import from Fold",
	"SS_MENU_SELECT_FROM_FOLD": "Fold",
	"SS_MENU_SELECT_FROM_LOCAL": "Local",
	"SS_MENU_SELECT_FROM_CAMERA": "Camera",
	"SS_MENU_SELECT_FROM_MICROPHONE": "Microphone",
	"SS_MENU_SELECT_BLANK": "select",
	"SS_MENU_SELECT_TYPE_IMAGE": "image",
	"SS_MENU_SELECT_TYPE_AUDIO": "audio",
	"SS_MENU_SELECT_TYPE_VIDEO": "video",
	"SS_MENU_SELECT_TYPE_DATASET": "dataset",
	"SS_PRIMJPK_LOAD_AND_SHOW_IMAGE": "load and show image %1",
	"SS_PRIMJPK_IMAGE_RECOGNITION": "image recognition",
	"SS_PRIMJPK_LOAD_OCCLUDED_IMAGE": "load image %1 and block position %2",
	"SS_PRIMJPK_EMOTION_RECOGNITION": "emotion recognition",
	"SS_PRIMJPK_LOAD_AND_PLAY_VOICE": "load and play voice %1",
	"SS_PRIMJPK_DISPLAY_WAVEFORM": "display waveform",
	"SS_PRIMJPK_ROBOT_Q_AND_A": "robot Q & A %1",
	"SS_PRIMJPK_LOAD_IMAGE_NAMED": "load image %1 and named %2",
	"SS_PRIMJPK_SWAP_FACE": "swap face %1 with %2",
	"SS_PRIM_GUANGZHOU_LOAD_IMAGE": "load image %1",
	"SS_PRIM_GUANGZHOU_LOAD_IMAGE_URL": "load image feom url %1",
	"SS_PRIM_GUANGZHOU_IMSHOW": "show image %1",
	"SS_PRIM_GUANGZHOU_RECOG_RIPE_APPLE": "recognize fruits/vegitables from image %1",
	"SS_PRIM_GUANGZHOU_DRAW_RECT": "draw on %1 according to %2 and show",
	"SS_PRIM_GUANGZHOU_VCAR_OPENGATE2": "open gate NO.%1",
	"SS_PRIM_GUANGZHOU_VCAR_CLOSEGATE2": "close gate NO.%1",
	"SS_PRIM_GUANGZHOU_VCAR_OPENGATE": "open gate NO. %1",
	"SS_PRIM_GUANGZHOU_VCAR_CLOSEGATE": "close gate NO.%1"
}
