{
	"@metadata": {
		"author": "Ellen Spertus <ellen.spertus@gmail.com>",
		"locale": "en",
		"messagedocumentation" : "qqq"
	},
	"VARIABLES_DEFAULT_NAME": "项目",
	"TODAY": "今天",
	"DUPLICATE_BLOCK": "复制",
	"ADD_COMMENT": "添加注释",
	"REMOVE_COMMENT": "删除注释",
	"DUPLICATE_COMMENT": "Duplicate Comment",
	"EXTERNAL_INPUTS": "外部输入",
	"INLINE_INPUTS": "单行输入",
	"DELETE_BLOCK": "删除块",
	"DELETE_X_BLOCKS": "删除 %1 块",
	"DELETE_ALL_BLOCKS": "删除所有%1块吗？",
	"CLEAN_UP": "整理块",
	"COLLAPSE_BLOCK": "折叠块",
	"COLLAPSE_ALL": "折叠块",
	"EXPAND_BLOCK": "展开块",
	"EXPAND_ALL": "展开块",
	"DISABLE_BLOCK": "禁用块",
	"ENABLE_BLOCK": "启用块",
	"HELP": "帮助",
	"UNDO": "撤销",
	"REDO": "重做",
	"CHANGE_VALUE_TITLE": "更改值：",
	"RENAME_VARIABLE": "重命名变量...",
	"RENAME_VARIABLE_TITLE": "将所有“%1”变量重命名为:",
	"NEW_VARIABLE": "创建变量...",
	"NEW_STRING_VARIABLE": "Create string variable...",
	"NEW_NUMBER_VARIABLE": "Create number variable...",
	"NEW_COLOUR_VARIABLE": "Create colour variable...",
	"NEW_VARIABLE_DROPDOWN": "New variable...",
	"NEW_VARIABLE_TYPE_DROPDOWN": "New %1 variable...",
	"NEW_VARIABLE_TYPE_TITLE": "New variable type:",
	"NEW_VARIABLE_TITLE": "新变量的名称：",
	"VARIABLE_ALREADY_EXISTS": "已存在名为“%1”的变量。",
	"VARIABLE_ALREADY_EXISTS_FOR_ANOTHER_TYPE": "名叫“%1”的变量已存在，但作为另一个变量类型“%2”存在。",
	"DELETE_VARIABLE_CONFIRMATION": "删除“%2”变量的%1用途么？",
	"CANNOT_DELETE_VARIABLE_PROCEDURE": "不能删除变量“%1”，因为它是功能“%2”定义的一部分",
	"DELETE_VARIABLE": "删除“%1”变量",
	"COLOUR_PICKER_HELPURL": "https://zh.wikipedia.org/wiki/颜色",
	"COLOUR_PICKER_TOOLTIP": "从调色板中选择一种颜色。",
	"COLOUR_RANDOM_HELPURL": "http://randomcolour.com",
	"COLOUR_RANDOM_TITLE": "随机颜色",
	"COLOUR_RANDOM_TOOLTIP": "随机选择一种颜色。",
	"COLOUR_RGB_HELPURL": "http://www.december.com/html/spec/colorper.html",
	"COLOUR_RGB_TITLE": "颜色",
	"COLOUR_RGB_RED": "红色",
	"COLOUR_RGB_GREEN": "绿色",
	"COLOUR_RGB_BLUE": "蓝色",
	"COLOUR_RGB_TOOLTIP": "通过指定红色、绿色和蓝色的量创建一种颜色。所有的值必须在0和100之间。",
	"COLOUR_BLEND_HELPURL": "http://meyerweb.com/eric/tools/color-blend/",
	"COLOUR_BLEND_TITLE": "混合",
	"COLOUR_BLEND_COLOUR1": "颜色1",
	"COLOUR_BLEND_COLOUR2": "颜色2",
	"COLOUR_BLEND_RATIO": "比例",
	"COLOUR_BLEND_TOOLTIP": "用一个给定的比率(0.0-1.0)混合两种颜色。",
	"CONTROLS_REPEAT_HELPURL": "https://zh.wikipedia.org/wiki/For循环",
	"CONTROLS_REPEAT_TITLE": "重复 %1 次",
	"CONTROLS_REPEAT_INPUT_DO": "执行",
	"CONTROLS_REPEAT_TOOLTIP": "多次执行一些语句。",
	"CONTROLS_WHILEUNTIL_HELPURL": "https://github.com/google/blockly/wiki/Loops#repeat",
	"CONTROLS_WHILEUNTIL_OPERATOR_WHILE": "重复当",
	"CONTROLS_WHILEUNTIL_OPERATOR_UNTIL": "重复直到",
	"CONTROLS_WHILEUNTIL_TOOLTIP_WHILE": "只要值为真，执行一些语句。",
	"CONTROLS_WHILEUNTIL_TOOLTIP_UNTIL": "只要值为假，执行一些语句。",
	"CONTROLS_FOR_HELPURL": "https://github.com/google/blockly/wiki/Loops#count-with",
	"CONTROLS_FOR_TOOLTIP": "从起始数到结尾数中取出变量“%1”的值，按指定的时间间隔，执行指定的块。",
	"CONTROLS_FOR_TITLE": "使用 %1 从范围 %2 到 %3 每隔 %4",
	"CONTROLS_FOREACH_HELPURL": "https://github.com/google/blockly/wiki/Loops#for-each",
	"CONTROLS_FOREACH_TITLE": "取列表 %2 中每个 %1",
	"CONTROLS_FOREACH_TOOLTIP": "遍历每个列表中的项目，将变量“%1”设定到该项中，然后执行某些语句。",
	"CONTROLS_FLOW_STATEMENTS_HELPURL": "https://github.com/google/blockly/wiki/Loops#loop-termination-blocks",
	"CONTROLS_FLOW_STATEMENTS_OPERATOR_BREAK": "中断循环",
	"CONTROLS_FLOW_STATEMENTS_OPERATOR_CONTINUE": "继续下一次循环",
	"CONTROLS_FLOW_STATEMENTS_TOOLTIP_BREAK": "中断包含它的循环。",
	"CONTROLS_FLOW_STATEMENTS_TOOLTIP_CONTINUE": "跳过这个循环的剩余部分，并继续下一次迭代。",
	"CONTROLS_FLOW_STATEMENTS_WARNING": "警告：此块仅可用于在一个循环内。",
	"CONTROLS_IF_HELPURL": "https://github.com/google/blockly/wiki/IfElse",
	"CONTROLS_IF_TOOLTIP_1": "如果值为真，执行一些语句。",
	"CONTROLS_IF_TOOLTIP_2": "如果值为真，则执行第一块语句。否则，则执行第二块语句。",
	"CONTROLS_IF_TOOLTIP_3": "如果第一个值为真，则执行第一块的语句。否则，如果第二个值为真，则执行第二块的语句。",
	"CONTROLS_IF_TOOLTIP_4": "如果第一个值为真，则执行第一块对语句。否则，如果第二个值为真，则执行语句的第二块。如果没有值为真，则执行最后一块的语句。",
	"CONTROLS_IF_MSG_IF": "如果",
	"CONTROLS_IF_MSG_ELSEIF": "否则如果",
	"CONTROLS_IF_MSG_ELSE": "否则",
	"CONTROLS_IF_IF_TOOLTIP": "增加、删除或重新排列各节来重新配置“if”块。",
	"CONTROLS_IF_ELSEIF_TOOLTIP": "在if语句块中增加一个条件。",
	"CONTROLS_IF_ELSE_TOOLTIP": "添加一个最终的，包括所有情况的节到if块中。",
	"IOS_OK": "确定",
	"IOS_CANCEL": "取消",
	"IOS_ERROR": "错误",
	"IOS_PROCEDURES_INPUTS": "输入",
	"IOS_PROCEDURES_ADD_INPUT": "+添加输入",
	"IOS_PROCEDURES_ALLOW_STATEMENTS": "允许声明",
	"IOS_PROCEDURES_DUPLICATE_INPUTS_ERROR": "此功能有重复输入内容。",
	"IOS_VARIABLES_ADD_VARIABLE": "+添加变量",
	"IOS_VARIABLES_ADD_BUTTON": "添加",
	"IOS_VARIABLES_RENAME_BUTTON": "重命名",
	"IOS_VARIABLES_DELETE_BUTTON": "删除",
	"IOS_VARIABLES_VARIABLE_NAME": "变量名称",
	"IOS_VARIABLES_EMPTY_NAME_ERROR": "您不能使用空变量名称。",
	"LOGIC_COMPARE_HELPURL": "https://zh.wikipedia.org/wiki/不等",
	"LOGIC_COMPARE_TOOLTIP_EQ": "如果两个输入结果相等，则返回真。",
	"LOGIC_COMPARE_TOOLTIP_NEQ": "如果两个输入结果不相等，则返回真。",
	"LOGIC_COMPARE_TOOLTIP_LT": "如果第一个输入结果比第二个小，则返回真。",
	"LOGIC_COMPARE_TOOLTIP_LTE": "如果第一个输入结果小于或等于第二个输入结果，则返回真。",
	"LOGIC_COMPARE_TOOLTIP_GT": "如果第一个输入结果比第二个大，则返回真。",
	"LOGIC_COMPARE_TOOLTIP_GTE": "如果第一个输入结果大于或等于第二个输入结果，则返回真。",
	"LOGIC_OPERATION_HELPURL": "https://github.com/google/blockly/wiki/Logic#logical-operations",
	"LOGIC_OPERATION_TOOLTIP_AND": "如果两个输入结果都为真，则返回真。",
	"LOGIC_OPERATION_AND": "与",
	"LOGIC_OPERATION_TOOLTIP_OR": "如果至少有一个输入结果为真，则返回真。",
	"LOGIC_OPERATION_OR": "或",
	"LOGIC_NEGATE_HELPURL": "https://github.com/google/blockly/wiki/Logic#not",
	"LOGIC_NEGATE_TITLE": "非%1",
	"LOGIC_NEGATE_TOOLTIP": "如果输入结果为假，则返回真；如果输入结果为真，则返回假。",
	"LOGIC_BOOLEAN_HELPURL": "https://github.com/google/blockly/wiki/Logic#values",
	"LOGIC_BOOLEAN_TRUE": "成立",
	"LOGIC_BOOLEAN_FALSE": "不成立",
	"LOGIC_BOOLEAN_TOOLTIP": "返回真或假。",
	"LOGIC_NULL_HELPURL": "https://en.wikipedia.org/wiki/Nullable_type",
	"LOGIC_NULL": "空",
	"LOGIC_NULL_TOOLTIP": "返回空值。",
	"LOGIC_TERNARY_HELPURL": "https://zh.wikipedia.org/wiki/条件运算符",
	"LOGIC_TERNARY_CONDITION": "测试",
	"LOGIC_TERNARY_IF_TRUE": "如果为真",
	"LOGIC_TERNARY_IF_FALSE": "如果为假",
	"LOGIC_TERNARY_TOOLTIP": "检查“test”中的条件。如果条件为真，则返回“if true”的值，否则，则返回“if false”的值。",
	"MATH_NUMBER_HELPURL": "https://zh.wikipedia.org/wiki/数",
	"MATH_NUMBER_TOOLTIP": "一个数字。",
	"MATH_ADDITION_SYMBOL": "+",
	"MATH_SUBTRACTION_SYMBOL": "-",
	"MATH_DIVISION_SYMBOL": "÷",
	"MATH_MULTIPLICATION_SYMBOL": "×",
	"MATH_POWER_SYMBOL": "^",
	"MATH_MODULO_SYMBOL": "%",
	"MATH_FLOORDIVIDE_SYMBOL": "//",
	"MATH_TRIG_SIN": "sin",
	"MATH_TRIG_COS": "cos",
	"MATH_TRIG_TAN": "tan",
	"MATH_TRIG_ASIN": "asin",
	"MATH_TRIG_ACOS": "acos",
	"MATH_TRIG_ATAN": "atan",
	"MATH_ARITHMETIC_HELPURL": "https://zh.wikipedia.org/wiki/算术",
	"MATH_ARITHMETIC_TOOLTIP_ADD": "返回两个数字的和。",
	"MATH_ARITHMETIC_TOOLTIP_MINUS": "返回两个数字的区别。",
	"MATH_ARITHMETIC_TOOLTIP_MULTIPLY": "返回两个数字的乘积。",
	"MATH_ARITHMETIC_TOOLTIP_DIVIDE": "返回两个数字的商。",
	"MATH_ARITHMETIC_TOOLTIP_POWER": "返回第一个数的第二个数次幂。",
	"MATH_ARITHMETIC_TOOLTIP_MODULO": "Return the modulo of the two numbers",
	"MATH_SINGLE_HELPURL": "https://zh.wikipedia.org/wiki/平方根",
	"MATH_SINGLE_OP_ROOT": "平方根",
	"MATH_SINGLE_TOOLTIP_ROOT": "返回一个数的平方根。",
	"MATH_SINGLE_OP_ABSOLUTE": "绝对值",
	"MATH_SINGLE_TOOLTIP_ABS": "返回一个数的绝对值。",
	"MATH_SINGLE_TOOLTIP_NEG": "返回一个数的逻辑非。",
	"MATH_SINGLE_TOOLTIP_LN": "返回一个数的自然对数。",
	"MATH_SINGLE_TOOLTIP_LOG10": "返回一个数的对数。",
	"MATH_SINGLE_TOOLTIP_EXP": "返回一个数的e次幂。",
	"MATH_SINGLE_TOOLTIP_POW10": "返回一个数的10次幂。",
	"MATH_TRIG_HELPURL": "https://zh.wikipedia.org/wiki/三角函数",
	"MATH_TRIG_TOOLTIP_SIN": "返回指定角度的正弦值(非弧度）。",
	"MATH_TRIG_TOOLTIP_COS": "返回指定角度的余弦值(非弧度）。",
	"MATH_TRIG_TOOLTIP_TAN": "返回指定角度的正切值(非弧度）。",
	"MATH_TRIG_TOOLTIP_ASIN": "返回一个数的反正弦值。",
	"MATH_TRIG_TOOLTIP_ACOS": "返回一个数的反余弦值。",
	"MATH_TRIG_TOOLTIP_ATAN": "返回指定角度的反正切值。",
	"MATH_CONSTANT_HELPURL": "https://zh.wikipedia.org/wiki/数学常数",
	"MATH_CONSTANT_TOOLTIP": "返回一个常见常量：π (3.141…)、e (2.718…)、φ (1.618…)、平方根 (1.414…)、开平方根 (0.707…)或∞ (infinity)。",
	"MATH_IS_EVEN": "是偶数",
	"MATH_IS_ODD": "是奇数",
	"MATH_IS_PRIME": "是质数",
	"MATH_IS_WHOLE": "为整数",
	"MATH_IS_POSITIVE": "为正",
	"MATH_IS_NEGATIVE": "为负",
	"MATH_IS_DIVISIBLE_BY": "可被整除",
	"MATH_IS_TOOLTIP": "如果数字是偶数、奇数、非负整数、正数、负数或如果它可被某数字整除，则返回真或假。",
	"MATH_CHANGE_HELPURL": "https://zh.wikipedia.org/wiki/加法",
	"MATH_CHANGE_TITLE": "将 %1 增加 %2",
	"MATH_CHANGE_TOOLTIP": "将一个数添加到变量“%1”。",
	"MATH_ROUND_HELPURL": "https://zh.wikipedia.org/wiki/数值修约",
	"MATH_ROUND_TOOLTIP": "数字向上或向下舍入。",
	"MATH_ROUND_OPERATOR_ROUND": "向下舍入",
	"MATH_ROUND_OPERATOR_ROUNDUP": "向上舍入",
	"MATH_ROUND_OPERATOR_ROUNDDOWN": "向下舍入",
	"MATH_ONLIST_HELPURL": "",
	"MATH_ONLIST_OPERATOR_SUM": "列表中的数的总和",
	"MATH_ONLIST_TOOLTIP_SUM": "返回列表中的所有数字的和。",
	"MATH_ONLIST_OPERATOR_MIN": "列表中的最小值",
	"MATH_ONLIST_TOOLTIP_MIN": "返回列表中最小数。",
	"MATH_ONLIST_OPERATOR_MAX": "列表中的最大值",
	"MATH_ONLIST_TOOLTIP_MAX": "返回列表中最大数。",
	"MATH_ONLIST_OPERATOR_AVERAGE": "列表中的平均数",
	"MATH_ONLIST_TOOLTIP_AVERAGE": "返回列表中的数值的平均值。",
	"MATH_ONLIST_OPERATOR_MEDIAN": "列表中位数",
	"MATH_ONLIST_TOOLTIP_MEDIAN": "返回列表中的中位数。",
	"MATH_ONLIST_OPERATOR_MODE": "列表模式",
	"MATH_ONLIST_TOOLTIP_MODE": "返回列表中的最常见的项的列表。",
	"MATH_ONLIST_OPERATOR_STD_DEV": "列表中的标准差",
	"MATH_ONLIST_TOOLTIP_STD_DEV": "返回列表的标准偏差。",
	"MATH_ONLIST_OPERATOR_RANDOM": "列表的随机项",
	"MATH_ONLIST_TOOLTIP_RANDOM": "从列表中返回一个随机的元素。",
	"MATH_MODULO_HELPURL": "https://zh.wikipedia.org/wiki/模除",
	"MATH_MODULO_TITLE": "取余数自 %1 ÷ %2",
	"MATH_MODULO_TOOLTIP": "返回这两个数字相除后的余数。",
	"MATH_CONSTRAIN_HELPURL": "https://en.wikipedia.org/wiki/Clamping_(graphics)",
	"MATH_CONSTRAIN_TITLE": "限制数字 %1 介于 (低) %2 到 (高) %3",
	"MATH_CONSTRAIN_TOOLTIP": "限制数字介于两个指定的数字之间",
	"MATH_RANDOM_INT_HELPURL": "https://zh.wikipedia.org/wiki/随机数生成器",
	"MATH_RANDOM_INT_TITLE": "从 %1 到 %2 之间的随机整数",
	"MATH_RANDOM_INT_TOOLTIP": "返回两个指定的范围（含）之间的随机整数。",
	"MATH_RANDOM_FLOAT_HELPURL": "https://zh.wikipedia.org/wiki/随机数生成器",
	"MATH_RANDOM_FLOAT_TITLE_RANDOM": "随机小数",
	"MATH_RANDOM_FLOAT_TOOLTIP": "返回介于（包含）0.0到1.0之间的随机数。",
	"TEXT_TEXT_HELPURL": "https://zh.wikipedia.org/wiki/字符串",
	"TEXT_TEXT_TOOLTIP": "一个字母、单词或一行文本。",
	"TEXT_JOIN_HELPURL": "https://github.com/google/blockly/wiki/Text#text-creation",
	"TEXT_JOIN_TITLE_CREATEWITH": "建立字串使用",
	"TEXT_JOIN_TOOLTIP": "通过串起任意数量的项以建立一段文字。",
	"TEXT_CREATE_JOIN_TITLE_JOIN": "加入",
	"TEXT_CREATE_JOIN_TOOLTIP": "添加、移除或重新排列各节来重新配置这个文本块。",
	"TEXT_CREATE_JOIN_ITEM_TOOLTIP": "将一个项添加到文本中。",
	"TEXT_APPEND_HELPURL": "https://github.com/google/blockly/wiki/Text#text-modification",
	"TEXT_APPEND_TITLE": "至%1附加文本%2",
	"TEXT_APPEND_TOOLTIP": "将一些文本追加到变量“%1”。",
	"TEXT_LENGTH_HELPURL": "https://github.com/google/blockly/wiki/Text#text-modification",
	"TEXT_LENGTH_TITLE": "%1 的长度",
	"TEXT_LENGTH_TOOLTIP": "返回提供文本的字母数（包括空格）。",
	"TEXT_ISEMPTY_HELPURL": "https://github.com/google/blockly/wiki/Text#checking-for-empty-text",
	"TEXT_ISEMPTY_TITLE": "%1是空的",
	"TEXT_ISEMPTY_TOOLTIP": "如果提供的文本为空，则返回真。",
	"TEXT_INDEXOF_HELPURL": "https://github.com/google/blockly/wiki/Text#finding-text",
	"TEXT_INDEXOF_TOOLTIP": "返回在第二个字串中的第一/最后一个匹配项的索引值。如果未找到则返回%1。",
	"TEXT_INDEXOF_TITLE": "在文本%1 %2 %3中",
	"TEXT_INDEXOF_OPERATOR_FIRST": "寻找第一个出现的文本",
	"TEXT_INDEXOF_OPERATOR_LAST": "寻找最后一个出现的文本",
	"TEXT_CHARAT_HELPURL": "https://github.com/google/blockly/wiki/Text#extracting-text",
	"TEXT_CHARAT_TITLE": "在文本%1 %2中",
	"TEXT_CHARAT_FROM_START": "获得字符#",
	"TEXT_CHARAT_FROM_END": "获得倒数第#个字符",
	"TEXT_CHARAT_FIRST": "获得第一个字符",
	"TEXT_CHARAT_LAST": "获得最后一个字符",
	"TEXT_CHARAT_RANDOM": "获取随机的字母",
	"TEXT_CHARAT_TAIL": "",
	"TEXT_CHARAT_TOOLTIP": "返回位于指定位置的字母。",
	"TEXT_GET_SUBSTRING_TOOLTIP": "返回指定的部分文本。",
	"TEXT_GET_SUBSTRING_HELPURL": "https://github.com/google/blockly/wiki/Text#extracting-a-region-of-text",
	"TEXT_GET_SUBSTRING_INPUT_IN_TEXT": "自文本",
	"TEXT_GET_SUBSTRING_START_FROM_START": "取得一段字串自#",
	"TEXT_GET_SUBSTRING_START_FROM_END": "取得一段字串自倒数第#个字符",
	"TEXT_GET_SUBSTRING_START_FIRST": "取得一段字串自第一个字符",
	"TEXT_GET_SUBSTRING_END_FROM_START": "到字符#",
	"TEXT_GET_SUBSTRING_END_FROM_END": "到倒数第#个字符",
	"TEXT_GET_SUBSTRING_END_LAST": "到最后一个字符",
	"TEXT_GET_SUBSTRING_TAIL": "",
	"TEXT_CHANGECASE_HELPURL": "https://github.com/google/blockly/wiki/Text#adjusting-text-case",
	"TEXT_CHANGECASE_TOOLTIP": "在不同大小写下复制并返回这段文字。",
	"TEXT_CHANGECASE_OPERATOR_UPPERCASE": "转为大写",
	"TEXT_CHANGECASE_OPERATOR_LOWERCASE": "转为小写",
	"TEXT_CHANGECASE_OPERATOR_TITLECASE": "将首字母大写",
	"TEXT_TRIM_HELPURL": "https://github.com/google/blockly/wiki/Text#trimming-removing-spaces",
	"TEXT_TRIM_TOOLTIP": "复制这段文字的同时删除两端多余的空格。",
	"TEXT_TRIM_OPERATOR_BOTH": "消除两侧空格",
	"TEXT_TRIM_OPERATOR_LEFT": "消除左侧空格",
	"TEXT_TRIM_OPERATOR_RIGHT": "消除右侧空格",
	"TEXT_PRINT_HELPURL": "https://github.com/google/blockly/wiki/Text#printing-text",
	"TEXT_PRINT_TITLE": "打印%1",
	"TEXT_PRINT_TOOLTIP": "打印指定的文字、数字或其他值。",
	"TEXT_PROMPT_HELPURL": "https://github.com/google/blockly/wiki/Text#getting-input-from-the-user",
	"TEXT_PROMPT_TYPE_TEXT": "输入数字并显示提示消息",
	"TEXT_PROMPT_TYPE_NUMBER": "输入数字并显示提示消息",
	"TEXT_PROMPT_TOOLTIP_NUMBER": "提示用户输入数字。",
	"TEXT_PROMPT_TOOLTIP_TEXT": "提示用户输入一些文本。",
	"TEXT_COUNT_MESSAGE0": "将%1计算在%2之内",
	"TEXT_COUNT_HELPURL": "https://github.com/google/blockly/wiki/Text#counting-substrings",
	"TEXT_COUNT_TOOLTIP": "计算在一些其他文本中，部分文本重现了多少次。",
	"TEXT_REPLACE_MESSAGE0": "在%3中，将%1替换为%2",
	"TEXT_REPLACE_HELPURL": "https://github.com/google/blockly/wiki/Text#replacing-substrings",
	"TEXT_REPLACE_TOOLTIP": "在某些其他文本中，替换部分文本的所有事件。",
	"TEXT_REVERSE_MESSAGE0": "倒转%1",
	"TEXT_REVERSE_HELPURL": "https://github.com/google/blockly/wiki/Text#reversing-text",
	"TEXT_REVERSE_TOOLTIP": "倒转文本中字符的排序。",
	"LISTS_CREATE_EMPTY_HELPURL": "https://github.com/google/blockly/wiki/Lists#create-empty-list",
	"LISTS_CREATE_EMPTY_TITLE": "创建空列表",
	"LISTS_CREATE_EMPTY_TOOLTIP": "返回一个列表，长度为 0，不包含任何数据记录",
	"LISTS_CREATE_WITH_HELPURL": "https://github.com/google/blockly/wiki/Lists#create-list-with",
	"LISTS_CREATE_WITH_TOOLTIP": "建立一个具有任意数量项目的列表。",
	"LISTS_CREATE_WITH_INPUT_WITH": "建立列表",
	"LISTS_CREATE_WITH_CONTAINER_TITLE_ADD": "列表",
	"LISTS_CREATE_WITH_CONTAINER_TOOLTIP": "增加、删除或重新排列各部分以此重新配置这个列表块。",
	"LISTS_CREATE_WITH_ITEM_TOOLTIP": "将一个项添加到列表中。",
	"LISTS_REPEAT_HELPURL": "https://github.com/google/blockly/wiki/Lists#create-list-with",
	"LISTS_REPEAT_TOOLTIP": "建立包含指定重复次数的值的列表。",
	"LISTS_REPEAT_TITLE": "建立列表使用项 %1 重复 %2 次",
	"LISTS_LENGTH_HELPURL": "https://github.com/google/blockly/wiki/Lists#length-of",
	"LISTS_LENGTH_TITLE": "列表 %1 的长度",
	"LISTS_LENGTH_TOOLTIP": "返回列表的长度。",
	"LISTS_ISEMPTY_HELPURL": "https://github.com/google/blockly/wiki/Lists#is-empty",
	"LISTS_ISEMPTY_TITLE": "%1是空的",
	"LISTS_ISEMPTY_TOOLTIP": "如果改列表为空，则返回真。",
	"LISTS_INLIST": "在列表中",
	"LISTS_INDEX_OF_HELPURL": "https://github.com/google/blockly/wiki/Lists#getting-items-from-a-list",
	"LISTS_INDEX_OF_FIRST": "找出第一个项出现",
	"LISTS_INDEX_OF_LAST": "找出最后一个项出现",
	"LISTS_INDEX_OF_TOOLTIP": "返回在列表中的第一/最后一个匹配项的索引值。如果找不到项目则返回%1。",
	"LISTS_GET_INDEX_GET": "取得",
	"LISTS_GET_INDEX_GET_REMOVE": "取出并移除",
	"LISTS_GET_INDEX_REMOVE": "移除",
	"LISTS_GET_INDEX_FROM_START": "#",
	"LISTS_GET_INDEX_FROM_END": "倒数第#",
	"LISTS_GET_INDEX_FIRST": "第一",
	"LISTS_GET_INDEX_LAST": "最后",
	"LISTS_GET_INDEX_RANDOM": "随机",
	"LISTS_GET_INDEX_TAIL": "",
	"LISTS_INDEX_FROM_START_TOOLTIP": "%1是第一个项目。",
	"LISTS_INDEX_FROM_END_TOOLTIP": "%1是最后一项。",
	"LISTS_GET_INDEX_TOOLTIP_GET_FROM": "返回在列表中的指定位置的项。",
	"LISTS_GET_INDEX_TOOLTIP_GET_FIRST": "返回列表中的第一个项目。",
	"LISTS_GET_INDEX_TOOLTIP_GET_LAST": "返回列表中的最后一项。",
	"LISTS_GET_INDEX_TOOLTIP_GET_RANDOM": "随机返回列表中的一个项目。",
	"LISTS_GET_INDEX_TOOLTIP_GET_REMOVE_FROM": "移除并返回列表中的指定位置的项。",
	"LISTS_GET_INDEX_TOOLTIP_GET_REMOVE_FIRST": "移除并返回列表中的第一个项目。",
	"LISTS_GET_INDEX_TOOLTIP_GET_REMOVE_LAST": "移除并返回列表中的最后一个项目。",
	"LISTS_GET_INDEX_TOOLTIP_GET_REMOVE_RANDOM": "移除并返回列表中的一个随机项目中。",
	"LISTS_GET_INDEX_TOOLTIP_REMOVE_FROM": "移除在列表中的指定位置的项。",
	"LISTS_GET_INDEX_TOOLTIP_REMOVE_FIRST": "移除列表中的第一项",
	"LISTS_GET_INDEX_TOOLTIP_REMOVE_LAST": "移除列表中的最后一项",
	"LISTS_GET_INDEX_TOOLTIP_REMOVE_RANDOM": "删除列表中的一个随机的项。",
	"LISTS_SET_INDEX_HELPURL": "https://github.com/google/blockly/wiki/Lists#in-list--set",
	"LISTS_SET_INDEX_SET": "设置",
	"LISTS_SET_INDEX_INSERT": "插入在",
	"LISTS_SET_INDEX_INPUT_TO": "为",
	"LISTS_SET_INDEX_TOOLTIP_SET_FROM": "设置在列表中指定位置的项。",
	"LISTS_SET_INDEX_TOOLTIP_SET_FIRST": "设置列表中的第一个项目。",
	"LISTS_SET_INDEX_TOOLTIP_SET_LAST": "设置列表中的最后一项。",
	"LISTS_SET_INDEX_TOOLTIP_SET_RANDOM": "设置列表中一个随机的项目。",
	"LISTS_SET_INDEX_TOOLTIP_INSERT_FROM": "插入在列表中指定位置的项。",
	"LISTS_SET_INDEX_TOOLTIP_INSERT_FIRST": "在列表的起始处添加该项。",
	"LISTS_SET_INDEX_TOOLTIP_INSERT_LAST": "将该项追加到列表的末尾。",
	"LISTS_SET_INDEX_TOOLTIP_INSERT_RANDOM": "在列表中随机插入项。",
	"LISTS_GET_SUBLIST_HELPURL": "https://github.com/google/blockly/wiki/Lists#getting-a-sublist",
	"LISTS_GET_SUBLIST_START_FROM_START": "从#取得子列表",
	"LISTS_GET_SUBLIST_START_FROM_END": "从倒数#取得子列表",
	"LISTS_GET_SUBLIST_START_FIRST": "从头获得子列表",
	"LISTS_GET_SUBLIST_END_FROM_START": "到#",
	"LISTS_GET_SUBLIST_END_FROM_END": "到倒数第#",
	"LISTS_GET_SUBLIST_END_LAST": "到最后",
	"LISTS_GET_SUBLIST_TAIL": "",
	"LISTS_GET_SUBLIST_TOOLTIP": "复制列表中指定的部分。",
	"LISTS_SORT_HELPURL": "https://github.com/google/blockly/wiki/Lists#sorting-a-list",
	"LISTS_SORT_TITLE": "排序%1 %2 %3",
	"LISTS_SORT_TOOLTIP": "排序一个列表的拷贝。",
	"LISTS_SORT_ORDER_ASCENDING": "升序",
	"LISTS_SORT_ORDER_DESCENDING": "降序",
	"LISTS_SORT_TYPE_NUMERIC": "按数字排序",
	"LISTS_SORT_TYPE_TEXT": "按字母排序",
	"LISTS_SORT_TYPE_IGNORECASE": "按字母排序，忽略大小写",
	"LISTS_SPLIT_HELPURL": "https://github.com/google/blockly/wiki/Lists#splitting-strings-and-joining-lists",
	"LISTS_SPLIT_LIST_FROM_TEXT": "从文本制作列表",
	"LISTS_SPLIT_TEXT_FROM_LIST": "从列表拆出文本",
	"LISTS_SPLIT_WITH_DELIMITER": "用分隔符",
	"LISTS_SPLIT_TOOLTIP_SPLIT": "拆分文本到文本列表，按每个分隔符拆分。",
	"LISTS_SPLIT_TOOLTIP_JOIN": "加入文本列表至一个文本，由分隔符分隔。",
	"LISTS_REVERSE_HELPURL": "https://github.com/google/blockly/wiki/Lists#reversing-a-list",
	"LISTS_REVERSE_MESSAGE0": "倒转%1",
	"LISTS_REVERSE_TOOLTIP": "倒转一个列表的拷贝。",
	"ORDINAL_NUMBER_SUFFIX": "",
	"VARIABLES_GET_HELPURL": "https://github.com/google/blockly/wiki/Variables#get",
	"VARIABLES_GET_TOOLTIP": "返回此变量的值。",
	"VARIABLES_GET_CREATE_SET": "创建“设定%1”",
	"VARIABLES_SET_HELPURL": "https://github.com/google/blockly/wiki/Variables#set",
	"VARIABLES_SET": "将 %1 设为 %2",
	"VARIABLES_SET_TOOLTIP": "设置此变量，以使它和输入值相等。",
	"VARIABLES_SET_CREATE_GET": "创建“获得%1”",
	"PROCEDURES_DEFNORETURN_HELPURL": "https://zh.wikipedia.org/wiki/子程序",
	"PROCEDURES_DEFNORETURN_TITLE": "函数",
	"PROCEDURES_DEFNORETURN_PROCEDURE": "do something",
	"PROCEDURES_BEFORE_PARAMS": "与：",
	"PROCEDURES_CALL_BEFORE_PARAMS": "与：",
	"PROCEDURES_DEFNORETURN_DO": "",
	"PROCEDURES_DEFNORETURN_TOOLTIP": "创建一个不带输出值的函数。",
	"PROCEDURES_DEFNORETURN_COMMENT": "描述该功能...",
	"PROCEDURES_DEFRETURN_HELPURL": "https://zh.wikipedia.org/wiki/子程序",
	"PROCEDURES_DEFRETURN_RETURN": "返回",
	"PROCEDURES_DEFRETURN_TOOLTIP": "创建一个有输出值的函数。",
	"PROCEDURES_ALLOW_STATEMENTS": "允许声明",
	"PROCEDURES_DEF_DUPLICATE_WARNING": "警告: 此函数具有重复参数。",
	"PROCEDURES_CALLNORETURN_HELPURL": "https://zh.wikipedia.org/wiki/子程序",
	"PROCEDURES_CALLNORETURN_TOOLTIP": "运行用户定义的函数“%1”。",
	"PROCEDURES_CALLRETURN_HELPURL": "https://zh.wikipedia.org/wiki/子程序",
	"PROCEDURES_CALLRETURN_TOOLTIP": "运行用户定义的函数“%1”，并使用它的输出值。",
	"PROCEDURES_MUTATORCONTAINER_TITLE": "输入",
	"PROCEDURES_MUTATORCONTAINER_TOOLTIP": "添加、删除或重新排此函数的输入。",
	"PROCEDURES_MUTATORARG_TITLE": "输入名称：",
	"PROCEDURES_MUTATORARG_TOOLTIP": "添加函数输入。",
	"PROCEDURES_HIGHLIGHT_DEF": "突出显示函数定义",
	"PROCEDURES_CREATE_DO": "创建“%1”",
	"FUNCTIONS_EDIT_OPTION": "Edit",
	"FUNCTIONS_CALL_TITLE": "call",
	"FUNCTION_CREATE_NEW": "Create a Function",
	"FUNCTION_CALL_TOOLTIP": "Call a function that was previously defined.",
	"FUNCTION_WARNING_DUPLICATE_ARG": "Functions cannot use the same argument name more than once.",
	"FUNCTION_WARNING_EMPTY_NAME": "Function and argument names cannot be empty.",
	"FUNCTION_WARNING_ARG_NAME_IS_FUNCTION_NAME": "Argument names must not be the same as the function name.",
	"FUNCTIONS_DEFAULT_FUNCTION_NAME": "do_something",
	"FUNCTIONS_DEFAULT_BOOLEAN_ARG_NAME": "bool",
	"FUNCTIONS_DEFAULT_STRING_ARG_NAME": "text",
	"FUNCTIONS_DEFAULT_NUMBER_ARG_NAME": "num",
	"FUNCTIONS_DEFAULT_CUSTOM_ARG_NAME": "arg",
	"PROCEDURES_IFRETURN_TOOLTIP": "如果值为真，则返回第二个值。",
	"PROCEDURES_IFRETURN_HELPURL": "http://c2.com/cgi/wiki?GuardClause",
	"PROCEDURES_IFRETURN_WARNING": "警告: 仅在定义函数内可使用此块。",
	"WORKSPACE_COMMENT_DEFAULT_TEXT": "说明...",
	"SS_TOOLBOX_TITLE_ACTION": "行动",
	"SS_TOOLBOX_TITLE_DETECTION": "检测",
	"SS_TOOLBOX_TITLE_OUTPUT": "输出",
	"SS_TOOLBOX_TITLE_LOGIC": "逻辑",
	"SS_TOOLBOX_TITLE_LOOPS": "循环",
	"SS_TOOLBOX_TITLE_MATH": "数学",
	"SS_TOOLBOX_TITLE_TEXT": "文本",
	"SS_TOOLBOX_TITLE_LISTS": "列表",
	"SS_TOOLBOX_TITLE_VARIABLES": "变量",
	"SS_TOOLBOX_TITLE_PROCEDURES": "函数",
	"SS_BLOCK_WHILE": "如果 %1 重复",
	"SS_BLOCK_RANGE": "序列 %1 到 %2",
	"SS_BLOCK_RANGE_FULL": "序列 %1 到 %2 步长 %3",
	"SS_BLOCK_FORRANGE": "取 %2 中每个 %1",
	"SS_BLOCK_LIST_GETINDEX": "列表 %1 第 %2 项的值",
	"SS_BLOCK_LIST_SETINDEX": "设置列表 %1 第 %2 项为 %3",
	"SS_BLOCK_LIST_APPEND": "填充 %1 到列表 %2",
	"SS_BLOCK_OUTPUT_PRINT": "打印 %1 %2",
	"SS_BLOCK_OUTPUT_PRINT_MESSAGE": "打印 %1",
	"SS_BLOCK_BAILU_GO": "移动",
	"SS_BLOCK_BAILU_GO2": "速度 %1 % 移动 %2 秒",
	"SS_BLOCK_BAILU_GO3": "左 %1 % 右 %2 % 移动 %3 秒",
	"SS_BLOCK_BAILU_SET": "定位到 %1 %2",
	"SS_BLOCK_BAILU_DEVIATION": "偏差角",
	"SS_BLOCK_BAILU_REFRESH": "重置",
	"SS_BLOCK_BAILU_COLORS": "颜色传感器列表",
	"SS_BLOCK_BAILU_COLORS_I": "颜色 %1",
	"SS_BLOCK_BAILU_COLORS_DEFINE_RED": "红色",
	"SS_BLOCK_BAILU_COLORS_DEFINE_GREEN": "绿色",
	"SS_BLOCK_BAILU_COLORS_DEFINE_BLUE": "蓝色",
	"SS_BLOCK_BAILU_ISFAIL": "失败检测",
	"SS_BLOCK_BAILU_DISTANCES": "距离传感器列表",
	"SS_BLOCK_BAILU_DISTANCES_I": "距离 %1",
	"SS_BLOCK_BAILU_DISTANCES_I_LF": "左前方",
	"SS_BLOCK_BAILU_DISTANCES_I_RF": "右前方",
	"SS_BLOCK_BAILU_DISTANCES_I_F": "前方",
	"SS_BLOCK_BAILU_DISTANCES_I_B": "后方",
	"SS_BLOCK_BAILU_INTENSITIES": "亮度传感器列表",
	"SS_BLOCK_BAILU_INTENSITIES_I": "亮度 %1",
	"SS_BLOCK_UNITY_FORWARD": "前进",
	"SS_BLOCK_UNITY_COLLECT": "收集",
	"SS_BLOCK_UNITY_RIGHT": "右转",
	"SS_BLOCK_UNITY_LEFT": "左转",
	"SS_BLOCK_UNITY_HASOBSTACLE": "%1 有障碍?",
	"SS_BLOCK_UNITY_HASOBSTACLE_1": "左方",
	"SS_BLOCK_UNITY_HASOBSTACLE_2": "前方",
	"SS_BLOCK_UNITY_HASOBSTACLE_3": "右方",
	"SS_BLOCK_UNITY_ONWHAT": "在 %1 ?",
	"SS_BLOCK_UNITY_ONWHAT_1": "能量块上",
	"SS_BLOCK_UNITY_ONWHAT_2": "终点",
	"SS_BLOCK_VCAR_GO": "前进 %1 %2, %3 帧",
	"SS_BLOCK_VCAR_GO2": "前进 %1 %2, %3 秒",
	"SS_BLOCK_VCAR_SET": "设置位置 %1 %2 %3",
	"SS_BLOCK_VCAR_REFRESH": "刷新",
	"SS_BLOCK_VCAR_RUNWITHPID": "PID巡线 %1 %2 %3",
	"SS_BLOCK_VCAR_DEVIATION": "偏差角",
	"SS_BLOCK_VCAR_CLOCKWISE_DEGREE": "顺时针偏转角为 %1",
	"SS_BLOCK_VCAR_ANTICLOCKWISE_DEGREE": "逆时针偏转角为 %1",
	"SS_BLOCK_VCAR_SET_TARGET": "设置判定条件 %1",
	"SS_BLOCK_VCAR_DISTANCE": "%1 距离",
	"SS_BLOCK_VCAR_DISTANCE_DETECT": "%1 距离 %2 %3",
	"SS_BLOCK_VCAR_COLOR_DETECT": "第 %1 个颜色传感器 %2 测到 %3",
	"SS_BLOCK_VCAR_COLOR_DETECT_ADVANCED": "第 %1 个颜色传感器 %3 值 %2 %4",
	"SS_BLOCK_VCAR_INTENSITY_DETECT": "第 %1 个光电传感器 %2 测到光强",
	"SS_BLOCK_VCAR_GETLINELOC": "检测到红线的传感器编号",
	"SS_BLOCK_VCAR_PRECISE_DISTANCE": "获取精确距离 %1",
	"SS_BLOCK_VCAR_GETINTENSITY": "获取光强 %1",
	"SS_BLOCK_VCAR_DROPDOWN_FL": "左前方",
	"SS_BLOCK_VCAR_DROPDOWN_FR": "右前方",
	"SS_BLOCK_VCAR_DROPDOWN_FRONT": "前方",
	"SS_BLOCK_VCAR_DROPDOWN_REAR": "后方",
	"SS_BLOCK_VCAR_DROPDOWN_HAS": "检",
	"SS_BLOCK_VCAR_DROPDOWN_HASNOT": "未",
	"SS_BLOCK_VCAR_DROPDOWN_RED": "红色",
	"SS_BLOCK_VCAR_DROPDOWN_GREEN": "绿色",
	"SS_BLOCK_VCAR_DROPDOWN_BLUE": "蓝色",
	"SS_BLOCK_VCAR_INCURRENTTASK": "在当前任务中",
	"SS_BLOCK_VCAR_DROPDOWN_COMPARE_M": ">",
	"SS_BLOCK_VCAR_DROPDOWN_COMPARE_ME": ">=",
	"SS_BLOCK_VCAR_DROPDOWN_COMPARE_L": "<",
	"SS_BLOCK_VCAR_DROPDOWN_COMPARE_LE": "<=",
	"SS_BLOCK_VCAR_DROPDOWN_COMPARE_E": "=",
	"SS_BLOCK_POCKET_GO": "前进 %1 %2",
	"SS_BLOCK_POCKET_GO2": "前进 %1 %2 %3",
	"SS_BLOCK_POCKET_TURN": "转弯 %1",
	"SS_BLOCK_POCKET_SETRGB": "设置车灯颜色 %1 %2 %3",
	"SS_BLOCK_POCKET_DISTANCE": "获取 %1 距离",
	"SS_BLOCK_POCKET_DISTANCE_DETECT": "%1 距离 %2 %3",
	"SS_BLOCK_POCKET_COLORSENSOR": "获取 %1 读数",
	"SS_BLOCK_POCKET_DETECTS_BLACK": "检测到黑色 %1",
	"SS_BLOCK_POCKET_DETECTS_WHITE": "检测到白色 %1",
	"SS_BLOCK_POCKET_DETECTS_COLOR": "检测到 %1 %2 %3",
	"SS_BLOCK_POCKET_LIGHTTRACK": "光电巡线 %1 %2 %3 %4 %5",
	"SS_BLOCK_POCKET_LIGHTTRACKWITHDIFF": "差速光电巡线 %1 %2 %3 %4 %5",
	"SS_BLOCK_POCKET_AVERAGE_DISTANCE": "读取传感器均值 %1",
	"SS_BLOCK_POCKET_FRONT_DISTANCE": "获取正前方距离",
	"SS_BLOCK_POCKET_GETTURNANGLE": "获取转弯角度 %1 %2",
	"SS_BLOCK_POCKET_PIRATETREASURE": "寻找海盗宝藏 %1 %2 %3 %4 %5",
	"SS_BLOCK_POCKET_GET_INTENSITY": "光电 %1",
	"SS_BLOCK_POCKET_DROPDOWN_DIRECTION_F": "前方",
	"SS_BLOCK_POCKET_DROPDOWN_DIRECTION_R": "右侧",
	"SS_BLOCK_POCKET_DROPDOWN_DIRECTION_L": "左侧",
	"SS_BLOCK_POCKET_DROPDOWN_FL": "左前方",
	"SS_BLOCK_POCKET_DROPDOWN_FR": "右前方",
	"SS_BLOCK_POCKET_DROPDOWN_RED": "红色",
	"SS_BLOCK_POCKET_DROPDOWN_GREEN": "绿色",
	"SS_BLOCK_POCKET_DROPDOWN_BLUE": "蓝色",
	"SS_BLOCK_POCKET_DROPDOWN_R": "红光",
	"SS_BLOCK_POCKET_DROPDOWN_G": "绿光",
	"SS_BLOCK_POCKET_DROPDOWN_B": "蓝光",
	"SS_BLOCK_POCKET_DROPDOWN_C": "光强",
	"SS_BLOCK_POCKET_GET_INTENSITY_ALL": "光电传感器",
	"SS_BLOCK_POCKET_GET_DISTANCE_ALL": "距离传感器",
	"SS_BLOCK_POCKET_GET_COLOR_ALL": "颜色传感器",
	"SS_BLOCK_POCKET_GET_LR_SPEED_ALL": "后轮速度传感器",
	"SS_BLOCK_POCKET_GETTURNANGLE_2": "获取转弯角度 %1 %2",
	"SS_BLOCK_POCKET_GETMINDISTANCE": "获取最小距离",
	"SS_BLOCK_POCKET_INTENSITY_DETECT": "光电 %1 %2 %3",
	"SS_BLOCK_POCKET_PID": "PID %1",
	"SS_BLOCK_POCKET_LIGHTTRACKWITHPID": "PID光电巡线 %1 %2 %3 %4 %5 %6 %7",
	"SS_BLOCK_POCKET_WHEREISIT": "判断障碍物方位 %2 %1",
	"SS_BLOCK_POCKET_LIGHTONCOLORFULLINE": "彩线巡线 %1 %2 %3 %4 %5 %6",
	"SS_BLOCK_PRIME_LOADIMG": "加载图像 %1",
	"SS_BLOCK_PRIME_ALIGNFACE": "转正 %1 中的人脸",
	"SS_BLOCK_PRIME_GETFACEFEATURE": "提取人脸特征 %1",
	"SS_BLOCK_PRIME_DECODE": "将特征 %1 转换成图片",
	"SS_BLOCK_PRIME_IMREAD": "读取图像 %1",
	"SS_BLOCK_PRIME_GETGENDER": "检测性别 %1",
	"SS_BLOCK_PRIME_LOADIMG3": "加载图像 %1",
	"SS_BLOCK_PRIME_DETECTFACE": "检测人脸框 %1",
	"SS_BLOCK_PRIME_LOADIMGFROMURL": "从 url 加载图像%1",
	"SS_BLOCK_PRIME_GETAGENT": "获取问答机",
	"SS_BLOCK_PRIME_SHOWPROBLEM": "从问答机 %1 获取第 %2 个问题",
	"SS_BLOCK_PRIME_RECORDVOICE": "开始录音",
	"SS_BLOCK_PRIME_RECVOICE": "对 %1 进行语音识别",
	"SS_BLOCK_PRIME_CHECKPROBLEMANSWER": "判断问答机 %1 的问题 %2 的回答 %3 的答案",
	"SS_BLOCK_PRIME_SWAPFACE": "交换图像 %1 与图像 %2 中的人脸",
	"SS_BLOCK_PRIME_GETDATABASE": "获取数据库",
	"SS_BLOCK_PRIME_GETLITTLESTAR": "获取小星星乐曲",
	"SS_BLOCK_PRIME_GENMUSIC": "续写长度 %1 相似度 %2 的音乐",
	"SS_BLOCK_PRIME_GETMUSICFROMDIGITS": "将简谱 %1 转换成音乐",
	"SS_BLOCK_PRIME_FINDSIMILAR": "在数据库 %1 中找到简谱 %2 的相似乐曲",
	"SS_BLOCK_PRIME_GETFEATURE": "提取图像 %1 中矩形框 %2 内的特征",
	"SS_BLOCK_PRIME_CROPFACE": "提取图像 %1 中矩形框 %2 内的区域",
	"SS_BLOCK_PRIME_CLUSTERFACE": "对特征列表 %1 进行聚类",
	"SS_BLOCK_PRIME_LOADBOARDIMG": "加载标准棋盘格图像",
	"SS_BLOCK_PRIME_FINDBOARDCORNERS": "检测图片 %1 中的棋盘格关键点",
	"SS_BLOCK_PRIME_GETMAP": "生成随机地图",
	"SS_BLOCK_PRIME_DISTANCE": "获取地图 %1 从点 %2 到点 %3 的距离",
	"SS_BLOCK_PRIME_FACEBEAUTY": "将图片 %1 转换成可编辑模式",
	"SS_BLOCK_PRIME_WHITENSKIN": "以 %2 程度美白 %1 中的皮肤",
	"SS_BLOCK_PRIME_DERMABRASION": "以 %2 程度对图像 %1 进行磨皮",
	"SS_BLOCK_PRIME_BOKEH": "以 %2 程度对图像 %1 进行背景虚化",
	"SS_BLOCK_PRIME_GETQUESTION": "获取问题",
	"SS_BLOCK_PRIME_ETRECOMMEND": "根据问题 %1 获取推荐",
	"SS_BLOCK_PRIME_IMSHOW": "显示图像 %1",
	"SS_BLOCK_PRIME_PRINTLENGTH": "打印编码 %1 的长度",
	"SS_BLOCK_PRIME_SHOWVECTOR": "可视化一维数据 %1",
	"SS_BLOCK_PRIME_BLEND": "可视化 %1 过渡到 %2",
	"SS_BLOCK_PRIME_IMSHOWWITHRECTS": "在图像%1可视化人脸框 %2",
	"SS_BLOCK_PRIME_MP3WRITE": "将乐曲 %1 保存",
	"SS_BLOCK_PRIME_PLAYMUSIC": "播放地址 %1 的音乐",
	"SS_BLOCK_PRIME_IMSHOWTHUMBNAIL": "显示图像列表 %1 的略缩图",
	"SS_BLOCK_PRIME_DRAWCORNERS": "在图片 %1 中根据检测结果 %2 画出关键点",
	"SS_BLOCK_PRIME_RUNBOARD": "循环运行棋盘格检测",
	"SS_BLOCK_PRIME_SHOWMAP": "展示地图 %1",
	"SS_BLOCK_PRIME_VISUALIZE": "可视化商品列表",
	"SS_BTN_OK": "确认",
	"SS_BTN_CANCEL": "取消",
	"SS_BLOCK_PRIM3_IMSHOW": "显示图像 %1",
	"SS_BLOCK_PRIM3_SHOWINLINE": "在同一行展示图像列表 %1",
	"SS_BLOCK_PRIM3_TRAINLINEARCLASSIFIER": "根据特征 %2 和标签 %3 训练模型 %1",
	"SS_BLOCK_PRIM3_PLAYIMGS": "播放图像序列 %1 帧频 %2",
	"SS_BLOCK_PRIM3_TRACKING": "以矩形框 %2 为初始化位置对图像序列 %1 中的物体进行追踪, 配置为 %3",
	"SS_BLOCK_PRIM3_SHOWFEATURE": "可视化模型 %1 的特征",
	"SS_BLOCK_PRIM3_SHOWWITHRECTS": "在图像 %1 中可视化矩形框列表 %2",
	"SS_BLOCK_PRIM3_COMPARE": "比较特征 %1 和特征 %2 是否为同一人, 阈值 %3",
	"SS_BLOCK_PRIM3_DETECTFACE": "检测图片 %1 中的人脸",
	"SS_BLOCK_PRIM3_EXTRACTFEATURE": "提取图像 %1 矩形区域 %2 的特征",
	"SS_BLOCK_PRIM3_LOADIMG": "从 path 加载图片%1",
	"SS_BLOCK_PRIM3_LOADIMGFROMURL": "从 url 加载图像%1",
	"SS_BLOCK_PRIM3_TAKEPHOTO": "拍摄图像",
	"SS_BLOCK_PRIM3_CLASSIFY": "对图片 %1 进行分类",
	"SS_BLOCK_PRIM3_GETCLASSIFIER": "获取分类器",
	"SS_BLOCK_PRIM3_ADDRECT2IMG": "在图像 %1 上, 画框 %2, 颜色 %3, 序号 %4",
	"SS_BLOCK_PRIM3_CROPIMG": "截取图像 %1 的矩形区域 %2",
	"SS_BLOCK_PRIM3_DETECT": "用模型 %2 检测图片 %1 中的 %3 类物体 ",
	"SS_BLOCK_PRIM3_GETDETECTIONMODEL": "获得检测模型",
	"SS_BLOCK_PRIM3_RUNSYSTEM": "运行打卡系统，数据库 %1 阈值%2 自动停止 %3",
	"SS_BLOCK_PRIM3_EXTRACTHOGFEATURE": "提取序列 %1 的HOG特征",
	"SS_BLOCK_PRIM3_GETLINEARCLASSIFIER": "获得线性分类模型",
	"SS_BLOCK_PRIM3_LOADIMGSFROMFOLDER": "提取文件夹 %1 的所有图片",
	"SS_BLOCK_PRIM3_TESTLINEARCLASSIFIER": "用模型 %1 测试特征 %2",
	"SS_BLOCK_PRIM3_DETECTIONFUNC": "检测图像 %1 并添加检测框",
	"SS_BLOCK_PRIM3_GETVIDEOCONTENT": "获取视频 %1 处理函数 %2 检测后的结果",
	"SS_BLOCK_PRIM3_GETVIDEOINFO": "获取视频 %1 的基本信息",
	"SS_BLOCK_PRIM3_RECORDVIDEO": "录制视频",
	"SS_BLOCK_PRIM3_SELECTRECT": "在图像 %1 中选出目标区域",
	"SS_BLOCK_PRIM3_ADD2DATASET": "将特征 %3 以姓名 %2 添加到数据库 %1",
	"SS_BLOCK_PRIM3_GETEMPTYDICT": "获得一个数据集",
	"SS_BLOCK_PRIM3_GETFEATURE": "获取数据库 %1 姓名 %2 的特征",
	"SS_BLOCK_PRIM3_COPYIMG": "拷贝图像 %1",
	"SS_BLOCK_PRIM3_GETRECTINF": "获取矩形 %1 的 %2 坐标",
	"SS_BLOCK_PRIM3_FINDMAXFACE": "在检测结果 %1 中找到最大的矩形框",
	"SS_BLOCK_PRIM3_SELECTMAXFACE": "在图像 %1上画出最大人脸 %2",
	"SS_BLOCK_PRIM3_MAXNUM": "获得数字 %1 和 %2 的最大值",
	"SS_BLOCK_PRIM3_DROPDOWN_LEFT": "左边",
	"SS_BLOCK_PRIM3_DROPDOWN_RIGHT": "右边",
	"SS_BLOCK_PRIM3_DROPDOWN_TOP": "顶部",
	"SS_BLOCK_PRIM3_DROPDOWN_BOTTOM": "底部",
	"SS_BLOCK_PRIM_GETFASTESTROAD": "获取地图 %1 的最快路径",
	"SS_BLOCK_PRIM_GETANSWER": "根据回答 %1 进行反馈",
	"SS_BLOCK_PRIME_SETALBUM": "根据特征%1和聚类结果%2将图像%3构建成相册",
	"SS_BLOCK_PRIM4_IMAGETOTEXT": "描述图片 %1",
	"SS_BLOCK_PRIM4_IMAGETOTEXTURL": "描述图片 %1",
	"SS_BLOCK_PRIM4_PLOTSCATTER": "画出数据 %1 的散点图",
	"SS_BLOCK_PRIM4_CHECKAUTHENTICITY": "检测数据 %2 是否符合模型 %1",
	"SS_BLOCK_PRIM4_GETIMAGE": "从模型 %1 画出数据 %2 的图像",
	"SS_BLOCK_PRIM4_IMSHOW": "显示图像 %1",
	"SS_BLOCK_PRIM4_PRINTLENGTH": "打印编码 %1 的长度",
	"SS_BLOCK_PRIM4_SHOWVECTOR": "可视化一维数据 %1",
	"SS_BLOCK_PRIM4_BLEND": "可视化 %1 过渡到 %2",
	"SS_BLOCK_PRIM4_INFER": "根据模型 %1 和数据 %2 生成",
	"SS_BLOCK_PRIM4_FEATUREWALKING": "根据模型 %1 生产特征漫步",
	"SS_BLOCK_PRIM4_MP3WRITE": "将乐曲 %1 保存",
	"SS_BLOCK_PRIM4_PLAYMUSIC": "播放地址 %1 的音乐",
	"SS_BLOCK_PRIM4_GETSTICKER": "通过四点%2 %3 %4 %5和情绪%6，制作%1的表情包",
	"SS_BLOCK_PRIM4_GETRANDOMWORD": "从%1中生成长度%2的文字",
	"SS_BLOCK_PRIM4_GETCONTXTWORD": "从主语%1，谓语%2，宾语%3生成句子",
	"SS_BLOCK_PRIM4_GETMODEL": "加载模型",
	"SS_BLOCK_PRIM4_GETNEXTWORD": "从模型%1获取%2的下一个词",
	"SS_BLOCK_PRIM4_PREDICTSENTENCE": "从模型%1根据%2生成句子",
	"SS_BLOCK_PRIM4_LISTNEXTWORD": "从模型%1列出%2的后三个词",
	"SS_BLOCK_PRIM4_LOADDATA": "加载数据",
	"SS_BLOCK_PRIM4_TRAINMODEL": "从数据%1训练模型",
	"SS_BLOCK_PRIM4_GETSAMPLE": "从模型%1中随机生成%2个数据",
	"SS_BLOCK_PRIM4_LOADIMG": "从 path 加载图像 %1",
	"SS_BLOCK_PRIM4_LOADIMGFROMURL": "从 url 加载图像 %1",
	"SS_BLOCK_PRIM4_ALIGNFACE": "转正%1中的人脸",
	"SS_BLOCK_PRIM4_GETFACEFEATURE": "提取人脸特征 %1",
	"SS_BLOCK_PRIM4_DECODE": "将特征%1转换成图片",
	"SS_BLOCK_PRIM4_RANDOMGENERATE": "随机生成长度为%1的数据",
	"SS_BLOCK_PRIM4_LISTSLICING": "切出列表%1第%2个元素到第%3个元素",
	"SS_BLOCK_PRIM4_LISTADDING": "合并列表%1和列表%2",
	"SS_BLOCK_PRIM4_LOADMNISTMODEL": "加载手写数字识别模型",
	"SS_BLOCK_PRIM4_GENERATENOISE": "从模型%1生成噪音",
	"SS_BLOCK_PRIM4_GETLITTLESTAR": "获取小星星乐曲",
	"SS_BLOCK_PRIM4_GENMUSIC": "续写长度%1，相似度%2的音乐",
	"SS_BLOCK_PRIM4_GETMUSICFROMDIGITS": "将简谱%1转换成音乐",
	"SS_BLOCK_PRIM4_CONTINUEMUSIC": "根据%3续写长度%1，相似度%2的音乐",
	"SS_BLOCK_PRIM4_GETEMOJIDATA": "从 path %1加载制作emoji的图像",
	"SS_BLOCK_PRIM4_GETEMOJIDATAFROMURL": "从 url %1加载制作emoji的图像",
	"SS_BLOCK_PRIM4_DETECTKEYPOINTS": "检测图像%1的关键点",
	"SS_BLOCK_PRIM4_DRAWPOINTS": "在图片 %1 上画上关键点 %2",
	"SS_BLOCK_PRIM4_STYLETRANSFER": "从 path %1加载图片并转换为%2风格",
	"SS_BLOCK_PRIM3_SETDICTVALUE": "将%1中%2的值设为%3",
	"SS_BLOCK_VCAR_MULTI_LIGHT": "多光电传感器巡线 %1 %2 %3",
	"SS_PRIM1_IMSHOW": "显示图像%1",
	"SS_PRIM1_PRINT_LENGTH": "打印特征长度%1",
	"SS_PRIM1_ADD_IMAGE": "将人物图片%2及对应特征%3和人名%4添加到可视化模型%1中",
	"SS_PRIM1_FIT_TRANSFORM": "训练可视化模型%1并转换特征",
	"SS_PRIM1_SHOW_VISUALIZE": "使用图表%2，显示模型%1",
	"SS_PRIM1_VISUALIZE_IMAGE": "根据模型%1可视化图像转换后的特征",
	"SS_PRIM1_TRANSFORM": "根据可视化模型%1转换图片%2及特征%3和名字%4为坐标",
	"SS_PRIM1_GET_FRUIT_RESULT": "根据模型%1显示检测结果",
	"SS_PRIM1_SHOW_HOG": "画出HOG特征%1",
	"SS_PRIM1_PLAYMUSIC": "播放地址%1的音乐",
	"SS_PRIM1_SHOW_WITH_RECT": "画出%1中的人脸%2",
	"SS_PRIM1_THUMBNAIL": "连续画出图片%1",
	"SS_PRIM1_DRAWCORNERS": "在图片%1中根据检测结果%2画出关键点",
	"SS_PRIM1_RUN": "循环运行棋盘格检测",
	"SS_PRIM1_SHOWMAP": "展示地图%1",
	"SS_PRIM1_FILTER_WHITENING_SKIN": "以%2程度美白%1中的皮肤",
	"SS_PRIM1_FILTER_DERMABRASION": "以%2程度对图像%1进行磨皮",
	"SS_PRIM1_FILTER_BOKEH": "以%2程度对图像%1进行背景虚化",
	"SS_PRIM1_GETQUESTION": "获取问题",
	"SS_PRIM1_GETRECOMMEND": "根据喜好%1获取推荐",
	"SS_PRIM1_VISUALIZE": "可视化商品列表",
	"SS_PRIM1_PLOTVOICE": "展示语音波形",
	"SS_PRIM1_LOAD_IMAGE": "加载图像%1",
	"SS_PRIM1_LOAD_IMAGE_URL": "从url加载图像%1",
	"SS_PRIM1_GET_FACE_FEATURE": "获取图像特征%1",
	"SS_PRIM1_GET_VISUALIZER": "初始化可视化模型",
	"SS_PRIM1_VISUALIZE_POINTS": "根据模型%1生成散点",
	"SS_PRIM1_VISUALIZE_EDGES": "根据模型%1生成相似度大于%2的点之间的连线",
	"SS_PRIM1_COMBINE_PLOTS": "合并图表%1，%2",
	"SS_PRIM1_GET_FRUIT_DETECTOR": "初始化水果识别句柄",
	"SS_PRIM1_DETECT_FRUIT": "根据模型%1检测图片%2中的水果",
	"SS_PRIM1_DRAW_RECT": "使用%1标记%2中检测出的水果",
	"SS_PRIM1_GET_HOG": "获取图片%1的HOG特征",
	"SS_PRIM1_BLOCK_IMAGE": "在图片%1上生成遮挡",
	"SS_PRIM1_GET_EMOTION_RECOGNIZER": "初始化表情识别模型",
	"SS_PRIM1_RECOGNIZE_EMOTION": "根据模型%1识别图片%2表情",
	"SS_PRIM1_GETAGENT": "获取问答机",
	"SS_PRIM1_SHOWPROBLEM": "从问答机%1获取第%2个问题",
	"SS_PRIM1_RECORDVOICE": "开始录音",
	"SS_PRIM1_CHECK": "判断问答机%1的问题%2的回答%3的答案",
	"SS_PRIM1_SWAP_FACE": "交换图像%1与图像%2中的人脸",
	"SS_PRIM1_GETDATABASE": "获取数据库",
	"SS_PRIM1_GETLITTLESTAR": "获取小星星乐曲",
	"SS_PRIM1_GENMUSIC": "续写长度%1，相似度%2的音乐",
	"SS_PRIM1_MP3WRITE": "将乐曲%1保存",
	"SS_PRIM1_FINDSIMILAR": "在数据库%2中找到简谱%1的相似乐曲",
	"SS_PRIM1_GETMUSICFROMDIGITS": "将简谱%1转换成音乐",
	"SS_PRIM1_GET_CLUSTER": "初始化聚类模型",
	"SS_PRIM1_CLUSTER_FACE": "使用模型%1对图片们%2进行聚类",
	"SS_PRIM1_GET_RECT": "根据模型%1获取图片%2中的人脸",
	"SS_PRIM1_CROP": "裁剪出%1中的人脸%2",
	"SS_PRIM1_SET_ALBUM": "根据聚类结果%1和图片%2设置相册",
	"SS_PRIM1_LOADBOARDIMG": "加载标准棋盘格图像",
	"SS_PRIM1_FINDBOARDCORNERS": "检测图片%1中的棋盘格关键点",
	"SS_PRIM1_GETMAP": "生成随机地图",
	"SS_PRIM1_GETFASTESTROAD": "获取地图最短路径%1",
	"SS_PRIM1_FACEBEAUTY": "将图片%1转换成可编辑模式",
	"SS_PRIM1_GETANSWER": "喜好回答为%1",
	"SS_PRIM3_GET_NET_HANDLE": "初始化猫兔检测句柄",
	"SS_PRIM3_GET_CLASSIFIER": "初始化猫兔分类句柄",
	"SS_PRIM3_LOAD_IMAGE_FOLDER": "从文件夹%1加载图片",
	"SS_PRIM3_GET_ANIMAL_FEATURE": "根据模型%1获取图片%2的特征",
	"SS_PRIM3_COMBINE_DATASET": "合并图片集%1,%2",
	"SS_PRIM3_TRAIN": "根据模型%1特征%2和标签%3训练",
	"SS_PRIM3_PREDICT": "根据模型%1特征%2进行预测",
	"SS_PRIM3_GET_HOG": "获取图片%1的HOG特征",
	"SS_PRIM3_SHOW_HOG": "画出HOG特征%1",
	"SS_PRIM4_IMAGETOTEXT": "描述图片%1",
	"SS_PRIM4_IMAGETOTEXTURL": "描述图片%1",
	"SS_PRIM4_PLOTSCATTER": "画出数据%1的散点图",
	"SS_PRIM4_CHECKAUTHENTICITY": "检测数据%2是否符合模型%1",
	"SS_PRIM4_GETIMAGE": "从模型%1画出数据%2的图像",
	"SS_PRIM4_IMSHOW": "显示图像%1",
	"SS_PRIM4_PRINTLENGTH": "打印编码%1的长度",
	"SS_PRIM4_SHOWVECTOR": "可视化一维数据%1",
	"SS_PRIM4_BLEND": "可视化%1过渡到%2",
	"SS_PRIM4_INFER": "根据模型%1和数据%2生成",
	"SS_PRIM4_FEATUREWALKING": "根据模型%1生产特征漫步",
	"SS_PRIM4_PLAYMUSIC": "播放地址%1的音乐",
	"SS_PRIM4_GETSTICKER": "通过点%2，点%3，点%4，点%5，和情绪%6，制作%1的表情包",
	"SS_PRIM4_SHAPE": "显示%1的高度和宽度",
	"SS_PRIM4_JUDGE": "判断%1鼻子位置的合理性",
	"SS_PRIM4_GETRANDOMWORD": "从%1中生成长度%2的文字",
	"SS_PRIM4_GETCONTXTWORD": "从主语%1，谓语%2，宾语%3生成句子",
	"SS_PRIM4_LOADMODEL": "加载模型",
	"SS_PRIM4_GETNEXTWORD": "从模型%1获取%2的下一个词",
	"SS_PRIM4_PREDICTSENTENCE": "从模型%1根据%2生成句子",
	"SS_PRIM4_LISTNEXTWORD": "从模型%1根据%2罗列可能的下一个词",
	"SS_PRIM4_LOADDATA": "加载数据",
	"SS_PRIM4_TRAINMODEL": "从数据%1训练模型",
	"SS_PRIM4_GETSAMPLE": "从模型%1中随机生成%2个数据",
	"SS_PRIM4_LOADIMG": "加载图像%1",
	"SS_PRIM4_LOADIMGFROMURL": "从URL加载图像%1",
	"SS_PRIM4_ALIGNFACE": "转正%1中的人脸",
	"SS_PRIM4_GETFACEFEATURE": "提取特征%1",
	"SS_PRIM4_DECODE": "将特征%1转换成图片",
	"SS_PRIM4_RANDOMGENERATE": "随机生成长度为%1的数据",
	"SS_PRIM4_LISTSLICING": "切出列表%1第%2个元素到第%3个元素",
	"SS_PRIM4_LISTADDING": "合并列表%1和列表%2",
	"SS_PRIM4_LOADMNISTMODEL": "加载手写数字识别模型",
	"SS_PRIM4_GENERATENOISE": "从模型%1生成噪音",
	"SS_PRIM4_GETLITTLESTAR": "获取小星星乐曲",
	"SS_PRIM4_GENMUSIC": "续写长度%1，相似度%2的音乐",
	"SS_PRIM4_MP3WRITE": "将乐曲%1保存",
	"SS_PRIM4_GETMUSICFROMDIGITS": "将简谱%1转换成音乐",
	"SS_PRIM4_CONTINUEMUSIC": "根据%3续写长度%1，相似度%2的音乐",
	"SS_PRIM4_GETEMOJIDATA": "加载制作emoji的图像%1",
	"SS_PRIM4_GETEMOJIDATAFROMURL": "从URL加载制作emoji的图像%1",
	"SS_PRIM4_DETECTKEYPOINTS": "检测图像%1的关键点",
	"SS_PRIM4_DRAWPOINTS": "在图片%1上画上关键点%2",
	"SS_PRIM4_GET_TRANSFERER": "初始化风格化模型",
	"SS_PRIM4_TRANSFORM_STYLE": "通过模型%1将图片%2转化为风格%3",
	"SS_PRIM4_PUTNOSE": "将鼻子贴在人脸的(%1,%2)位置",
	"SS_PRIM4_GENERATE": "生成合理的鼻子位置坐标第%1个值",
	"SS_PRIM5_PLOT": "绘制%1wav文件的波形",
	"SS_PRIM5_PLAY_VOICE": "播放%1的音频内容",
	"SS_PRIM5_GO_STRAIGHT_LITE": "短时间直行",
	"SS_PRIM5_GO_STRAIGHT": "长时间直行",
	"SS_PRIM5_STOP_LITE": "短时间停止",
	"SS_PRIM5_STOP": "长时间停止",
	"SS_PRIM5_TURN_LEFT_LITE": "微微向左转弯",
	"SS_PRIM5_TURN_LEFT": "左转",
	"SS_PRIM5_TURN_RIGHT_LITE": "微微向右转弯",
	"SS_PRIM5_TURN_RIGHT": "右转",
	"SS_PRIM5_SHOW_HDMAP": "显示高精度地图",
	"SS_PRIM5_GO_STRAIGHT_WITH_UNCERTAINTY": "带有误差的长时间直行",
	"SS_PRIM5_FIX_ERROR": "修正误差%1%2",
	"SS_PRIM5_SHOW_MAP": "显示地图",
	"SS_PRIM5_RECORD_AUDIO": "录入时长为%1的语音",
	"SS_PRIM5_RECOG_AUDIO": "对wav文件%1进行语音识别",
	"SS_PRIM5_SHOW_POETRY": "加载古诗库并展示",
	"SS_PRIM5_CHOOSE_POETRY": "选择%1古诗库中的%2",
	"SS_PRIM5_SENSE": "获取传感器数据",
	"SS_PRIM5_GET_PROB": "输入坐标%1以及传感器数据%2,获取处于当前位置的概率",
	"SS_PRIM5_GET_POSITION": "获取位置数据",
	"SS_PRIM5_GET_ANGLE": "获取角度数据",
	"SS_PRIM5_FIND_PATH": "获取从%1到%2的路径规划结果",
	"SS_PRIM5_GET_DIRECTION": "获取相对方向%1%2%3",
	"SS_PRIM5_GET_SENSOR_CONTENT": "获取单个传感器数据%1%2%3",
	"SS_PRIM6_IMSHOW": "输出区域显示图像%1",
	"SS_PRIM6_SHOW": "显示图像%1",
	"SS_PRIM6_SHOW_GRAPH": "显示网状图%1",
	"SS_PRIM6_PAGERANK": "计算pagerank分数%1",
	"SS_PRIM6_ADD_EDGE": "在%1网络的%2和%3节点建立链接",
	"SS_PRIM6_SHOW_GOOD": "抽样展示好零件",
	"SS_PRIM6_SHOW_ALL": "抽样展示所有零件",
	"SS_PRIM6_SHOW_DIFF": "展示%1和%2图之间的差距",
	"SS_PRIM6_ZOOM_IN": "对图%1在(%2,%3)位置放大显示",
	"SS_PRIM6_PASSING": "在词列表%1中设置白名单%2",
	"SS_PRIM6_BLOCK": "在词列表%1中设置黑名单%2",
	"SS_PRIM6_DROP_NA": "从%1中去掉无效数据",
	"SS_PRIM6_STORM_GET_IMAGE": "拍照采集图片",
	"SS_PRIM6_STORM_SHOW_IMAGE": "显示图片%1",
	"SS_PRIM6_STORM_BEEP": "发出警报",
	"SS_PRIM6_STORM_SLEEP": "停止%1秒",
	"SS_PRIM6_STORM_GO": "左轮%1右轮%2运动%3秒",
	"SS_PRIM6_STORM_RUN": "左轮%1右轮%2运动%3秒",
	"SS_PRIM6_STORM_EMSSION": "以%1速度投掷",
	"SS_PRIM6_STORM_LIFT": "举起物品",
	"SS_PRIM6_STORM_OPEN_DOOR": "打开道闸",
	"SS_PRIM6_STORM_CLOSE_DOOR": "关闭道闸",
	"SS_PRIM6_STORM_GET_INTENSITY": "检测%1的亮度",
	"SS_PRIM6_STORM_GET_DISTANCE": "检测%1的距离",
	"SS_PRIM6_STORM_LAY_DOWN": "放下物品",
	"SS_PRIM6_STORM_SPRAY_WATER_POWERFUL": "强力喷洒",
	"SS_PRIM6_STORM_SPRAY_WATER_MILD": "柔和喷洒",
	"SS_PRIM6_STORM_CONTROL_BED_ANGLE": "控制病床升降%1度",
	"SS_PRIM6_STORM_CONTROL_LIFT_BED": "控制病床升起",
	"SS_PRIM6_STORM_CONTROL_LAY_DOWN_BED": "控制病床下降",
	"SS_PRIM6_STORM_AUTO_RESIDUAL_TRASH_CAN": "控制干垃圾桶自动开合",
	"SS_PRIM6_STORM_CLOSE_RESIDUAL_TRASH_CAN": "控制干垃圾桶闭合",
	"SS_PRIM6_STORM_AUTO_HOUSEHOLD_TRASH_CAN": "控制湿垃圾桶自动开合",
	"SS_PRIM6_STORM_CLOSE_HOUSEHOLD_TRASH_CAN": "控制湿垃圾桶闭合",
	"SS_PRIM6_STORM_COLLECT_RESIDUAL_WASTE": "采集一张干垃圾图片",
	"SS_PRIM6_STORM_COLLECT_HOUSEHOLD_WASTE": "采集一张湿垃圾图片",
	"SS_PRIM6_STORM_COLLECT_RESIDUAL_WASTE_URL": "通过url%1采集一张干垃圾图片",
	"SS_PRIM6_STORM_COLLECT_HOUSEHOLD_WASTE_URL": "通过url%1采集一张湿垃圾图片",
	"SS_PRIM6_STORM_SHOW_RESIDUAL_WASTE": "显示干垃圾图片",
	"SS_PRIM6_STORM_SHOW_HOUSEHOLD_WASTE": "显示湿垃圾图片",
	"SS_PRIM6_STORM_IMSHOW_RESIDUAL_WASTE": "输出区显示干垃圾图片",
	"SS_PRIM6_STORM_IMSHOW_HOUSEHOLD_WASTE": "输出区显示湿垃圾图片",
	"SS_PRIM6_STORM_TRAIN_TRASH_MODEL": "训练垃圾分类的模型",
	"SS_PRIM6_LOAD_IMAGE_URL": "通过url%1加载图像",
	"SS_PRIM6_LOAD_IMAGE": "加载图像%1",
	"SS_PRIM6_SHOPPING": "检测商品%1",
	"SS_PRIM6_GENERATE_ITEM": "随机生成第%1类商品",
	"SS_PRIM6_CHOSE_ITEM": "选取商品%1",
	"SS_PRIM6_PREDICT": "检测图%1中飞机",
	"SS_PRIM6_ADD_RECT": "将框%1画在图%2上",
	"SS_PRIM6_GET_LIST": "从%1获取文件名列表",
	"SS_PRIM6_GET_DICT": "从路径%1按照文件名%2获取词频字典",
	"SS_PRIM6_INIT_MODEL": "通过%1，%2，%3，%4建立模型",
	"SS_PRIM6_GET_TEST_WORDS": "利用%1和模型%2计算词概率列表",
	"SS_PRIM6_CALCULATE_BAYES": "通过%1计算垃圾邮件概率",
	"SS_PRIM6_GET_TXT": "获取%1的文字",
	"SS_PRIM6_READ_TABEL": "从%1读取数据",
	"SS_PRIM6_NP_ARRAY": "将%1转为numpy数组",
	"SS_PRIM6_NP_CLIP": "将数组%1截取到(%2,%3)范围内",
	"SS_PRIM6_FIT_TRANSFORM": "将%1转为主元表示",
	"SS_PRIM6_KMEANS_CLUSTER": "将%2聚为%1类",
	"SS_PRIM6_GET_LABELS": "得到%1聚类结果标签",
	"SS_PRIM6_NP_WHERE": "找到%1中值为%2的位置序号",
	"SS_PRIM6_GET_ID": "从聚类列表%1中找到%2的类别",
	"SS_PRIM6_STORM_GET_LIGHT": "获取%1亮度",
	"SS_PRIM6_STORM_GET_WIDTH": "获取%1色块宽度",
	"SS_PRIM6_STORM_CLASSIFY_DIGITS": "识别%1中数字",
	"SS_PRIM6_STORM_CLASSIFY_IMAGE": "识别%1图片种类",
	"SS_PRIM6_STORM_DETECT_EYE_STATE": "检测%1中人眼状态",
	"SS_PRIM6_STORM_DETECT_HEAD_ANGLE": "检测%1中人体头部俯仰角",
	"SS_PRIM6_STORM_CLASSIFY_TRASH": "识别%1中垃圾种类",
	"SS_PRIM6_STORM_GET_TRASH_MODEL": "获取垃圾分类模型",
	"SS_PRIM6_STORM_TRASH_MODEL_PREDICT": "预测%1垃圾种类",
	"SS_PRIM6_GET_PRICE": "计算%1中商品价格，并显示",
	"SS_PRIM6_GET_GRAPH": "以节点数%1，链接概率%2生成网状图",
	"SS_PRIM6_DISJOINT_UNION": "合并两个独立网络%1，%2",
	"SS_PRIM6_CUT_WORD": "对%1进行分词",
	"SS_PRIM6_WORD_CLOUD": "显示%1的词云参数为%2",
	"SS_PRIM6_STORM_MOTOR_A_RUN_TIME": "控制电机A以%1速度转动%2时间",
	"SS_PRIM6_STORM_MOTOR_C_RUN_TIME": "控制电机C以%1速度转动%2时间",
	"SS_PRIM6_STORM_MOTOR_B_RUN_TIME": "控制电机B以%1速度转动%2时间",
	"SS_PRIM6_STORM_MOTOR_D_RUN_TIME": "控制电机D以%1速度转动%2时间",
	"SS_PRIM6_GET_RESULT": "得到检测词典%1中的结果%2",
	"SS_PRIM6_DIVIDE_DATA": "从%1中分出预测用的数据",
	"SS_PRIM6_DIVIDE_LABEL": "从%1中分出推荐结果",
	"SS_PRIM6_CONCAT_STRING": "将路径%1、数字%2、路径%3结合",
	"SS_PRIM6_SQUARE_SUM": "获取误差数据%1的平方和",
	"SS_PRIM6_GRAY": "获取%1的灰度图",
	"SS_PRIM1_NOLOCAL_SPEECHRECOG": "识别%1中的文字",
	"SS_PRIM1_NOLOCAL_PLAYAUDIO": "播放音频%1",
	"SS_PRIM1_NOLOCAL_ARONIMAGE": "在图片吗%1上生成AR图片",
	"SS_PRIM1V1_IMSHOW": "显示图像%1",
	"SS_PRIM1V1_LOAD_IMAGE": "加载图像%1",
	"SS_PRIM1V1_LOAD_IMAGE_URL": "从url加载图像%1",
	"SS_PRIM1V1_LOAD_IMAGE_ANIMAL": "加载动物%1的第%2张图片",
	"SS_PRIM1V1_LOAD_IMAGE_PLANT": "加载植物%1的第%2张图片",
	"SS_PRIM1V1_LOAD_IMAGE_FRUITANDVEGETABLE": "加载果蔬%1的第%2张图片",
	"SS_PRIM1V1_RECOGNIZE_ANIMAL": "识别图%1中的动物",
	"SS_PRIM1V1_RECOGNIZE_PLANT": "识别图%1中的植物",
	"SS_PRIM1V1_RECOGNIZE_FRUITANDVEGETABLE": "识别图%1中的果蔬",
	"SS_PRIM1V1_THUMBNAIL": "连续画出图片%1",
	"SS_PRIM1V1_FILTER_WHITENING_SKIN": "以%2程度美白%1中的皮肤",
	"SS_PRIM1V1_FILTER_DERMABRASION": "以%2程度对图像%1进行磨皮",
	"SS_PRIM1V1_FILTER_BOKEH": "以%2程度对图像%1进行背景虚化",
	"SS_PRIM1V1_LOAD_CLUSTER_DATA": "加载聚类图片",
	"SS_PRIM1V1_GETQUESTION": "获取问题，随机数%1",
	"SS_PRIM1V1_GETRECOMMEND": "根据喜好%1获取推荐",
	"SS_PRIM1V1_VISUALIZE": "可视化商品列表",
	"SS_PRIM1V1_BLOCK_IMAGE": "在图片%1上进行%2位置的遮挡",
	"SS_PRIM1V1_RECOGNIZE_EMOTION": "识别图片%1表情",
	"SS_PRIM1V1_SWAP_FACE": "交换图像%1与图像%2中的人脸",
	"SS_PRIM1V1_GETDATABASE": "获取数据库",
	"SS_PRIM1V1_GETLITTLESTAR": "获取小星星乐曲",
	"SS_PRIM1V1_GENMUSIC": "续写长度%1的音乐",
	"SS_PRIM1V1_MP3WRITE": "将乐曲%1保存",
	"SS_PRIM1V1_PLAYMUSIC": "播放地址%1的音乐",
	"SS_PRIM1V1_FINDSIMILAR": "在数据库%2中找到简谱%1的相似乐曲",
	"SS_PRIM1V1_GETMUSICFROMDIGITS": "将简谱%1转换成音乐",
	"SS_PRIM1V1_GETAGENT": "获取问答机",
	"SS_PRIM1V1_SHOWPROBLEM": "从问答机%1获取第%2个问题",
	"SS_PRIM1V1_RECORDVOICE": "开始录音",
	"SS_PRIM1V1_CHECK": "判断问答机%1的问题%2的回答%3的答案",
	"SS_PRIM1V1_PLOTVOICE": "展示语音波形",
	"SS_PRIM1V1_GET_CLUSTER": "初始化聚类模型",
	"SS_PRIM1V1_CLUSTER_FACE": "使用模型%1对图片们%2进行聚类",
	"SS_PRIM1V1_GET_RECT": "根据模型%1获取图片%2中的人脸",
	"SS_PRIM1V1_SHOW_WITH_RECT": "画出%1中的人脸%2",
	"SS_PRIM1V1_CROP": "裁剪出%1中的人脸%2",
	"SS_PRIM1V1_SET_ALBUM": "根据聚类结果%1和图片%2设置相册",
	"SS_PRIM1V1_LOADBOARDIMG": "加载标准棋盘格图像",
	"SS_PRIM1V1_FINDBOARDCORNERS": "检测图片%1中的棋盘格关键点",
	"SS_PRIM1V1_DRAWCORNERS": "在图片%1中根据检测结果%2画出关键点",
	"SS_PRIM1V1_RUN": "循环运行棋盘格检测",
	"SS_PRIM1V1_GETMAP": "生成随机地图",
	"SS_PRIM1V1_SHOWMAP": "展示地图%1",
	"SS_PRIM1V1_GETFASTESTROAD": "获取地图最短路径%1",
	"SS_PRIM1V1_GETANSWER": "喜好回答为%1",
	"SS_PRIM1V2_FILTER_WHITENING_SKIN": "以%2程度美白%1中的皮肤",
	"SS_PRIM1V2_FILTER_DERMABRASION": "以%2程度对图像%1进行磨皮",
	"SS_PRIM1V2_FILTER_BOKEH": "以%2程度对图像%1进行背景虚化",
	"SS_MENU_EXPORT_TO_LOCAL": "另存到本地",
	"SS_MENU_EXPORT_TO_FOLD": "另存到文件夹",
	"SS_MENU_INPORT_FROM_LOCAL": "导入本地积木",
	"SS_MENU_INPORT_FROM_FOLD": "导入文件库积木",
	"SS_MENU_SELECT_FROM_FOLD": "从文件库选择",
	"SS_MENU_SELECT_FROM_LOCAL": "从本地选择",
	"SS_MENU_SELECT_FROM_CAMERA": "从摄像头获取",
	"SS_MENU_SELECT_FROM_MICROPHONE": "从麦克风获取",
	"SS_MENU_SELECT_BLANK": "未选择",
	"SS_MENU_SELECT_TYPE_IMAGE": "图片",
	"SS_MENU_SELECT_TYPE_AUDIO": "音频",
	"SS_MENU_SELECT_TYPE_VIDEO": "视频",
	"SS_MENU_SELECT_TYPE_DATASET": "数据集",
  "SS_PRIMJPK_LOAD_AND_SHOW_IMAGE": "加载并显示图像%1",
  "SS_PRIMJPK_IMAGE_RECOGNITION": "智能识别图像",
  "SS_PRIMJPK_LOAD_OCCLUDED_IMAGE": "加载图像%1，并遮挡%2号位置",
  "SS_PRIMJPK_EMOTION_RECOGNITION": "智能识别表情",
  "SS_PRIMJPK_LOAD_AND_PLAY_VOICE": "加载并播放声音%1",
  "SS_PRIMJPK_DISPLAY_WAVEFORM": "展示波形图",
  "SS_PRIMJPK_ROBOT_Q_AND_A": "智能语音问答机%1",
  "SS_PRIMJPK_LOAD_IMAGE_NAMED": "加载并显示图像%1标记为%2",
  "SS_PRIMJPK_SWAP_FACE": "将图像%1中的人脸替换为%2",
	"SS_PRIM_GUANGZHOU_LOAD_IMAGE": "从%1加载图像",
	"SS_PRIM_GUANGZHOU_LOAD_IMAGE_URL": "从url加载图像%1",
	"SS_PRIM_GUANGZHOU_IMSHOW": "显示图像%1",
	"SS_PRIM_GUANGZHOU_RECOG_RIPE_APPLE": "使用检测算法检测图像%1中的蔬果",
	"SS_PRIM_GUANGZHOU_DRAW_RECT": "在图像%1上根据%2绘制检测框并显示",
	"SS_PRIM_GUANGZHOU_VCAR_OPENGATE2": "开启%1号闸门",
	"SS_PRIM_GUANGZHOU_VCAR_CLOSEGATE2": "关闭%1号闸门",
	"SS_PRIM_GUANGZHOU_VCAR_OPENGATE": "开启 %1 号闸门",
	"SS_PRIM_GUANGZHOU_VCAR_CLOSEGATE": "关闭%1号闸门"
}
