{"SS_TOOLBOX_COLOR_TEXTS": "160", "COLOR_OF_LISTS": "260", "COLOR_OF_MATH": "230", "SS_TOOLBOX_COLOR_VARIABLES": "330", "COLOR_OF_VARIABLES": "330", "REPORTERS_HUE": "290", "SS_TOOLBOX_COLOR_LISTS": "260", "SS_TOOLBOX_COLOR_DETECTION": "120", "COLOR_OF_DETECTION": "290", "COLOR_OF_LOGIC": "210", "COLOR_OF_ACTION": "290", "SS_TOOLBOX_COLOR_PROCEDURES": "290", "SS_TOOLBOX_COLOR_MATH": "230", "COLOR_OF_PROCEDURES": "290", "COLOR_OF_TEXTS": "160", "COLOUR_HUE": "20", "VARIABLES_DYNAMIC_HUE": "310", "SS_TOOLBOX_COLOR_LOOPS": "120", "SS_TOOLBOX_COLOR_LOGIC": "210", "SS_TOOLBOX_COLOR_ACTION": "120", "COLOR_OF_LOOPS": "120"}