{
	"@metadata": {
		"author": "Ellen Spertus <ellen.spertus@gmail.com>",
		"locale": "en",
		"messagedocumentation" : "qqq"
	},
	"VARIABLES_DEFAULT_NAME": "item",
	"TODAY": "Today",
	"DUPLICATE_BLOCK": "Duplicate",
	"ADD_COMMENT": "Add Comment",
	"REMOVE_COMMENT": "Remove Comment",
	"DUPLICATE_COMMENT": "Duplicate Comment",
	"EXTERNAL_INPUTS": "External Inputs",
	"INLINE_INPUTS": "Inline Inputs",
	"DELETE_BLOCK": "Delete Block",
	"DELETE_X_BLOCKS": "Delete %1 Blocks",
	"DELETE_ALL_BLOCKS": "Delete all %1 blocks?",
	"CLEAN_UP": "Clean up Blocks",
	"COLLAPSE_BLOCK": "Collapse Block",
	"COLLAPSE_ALL": "Collapse Blocks",
	"EXPAND_BLOCK": "Expand Block",
	"EXPAND_ALL": "Expand Blocks",
	"DISABLE_BLOCK": "Disable Block",
	"ENABLE_BLOCK": "Enable Block",
	"HELP": "Help",
	"UNDO": "Undo",
	"REDO": "Redo",
	"CHANGE_VALUE_TITLE": "Change value:",
	"RENAME_VARIABLE": "Rename variable...",
	"RENAME_VARIABLE_TITLE": "Rename all '%1' variables to:",
	"NEW_VARIABLE": "Create variable...",
	"NEW_STRING_VARIABLE": "Create string variable...",
	"NEW_NUMBER_VARIABLE": "Create number variable...",
	"NEW_COLOUR_VARIABLE": "Create colour variable...",
	"NEW_VARIABLE_DROPDOWN": "New variable...",
	"NEW_VARIABLE_TYPE_DROPDOWN": "New %1 variable...",
	"NEW_VARIABLE_TYPE_TITLE": "New variable type:",
	"NEW_VARIABLE_TITLE": "New variable name:",
	"VARIABLE_ALREADY_EXISTS": "A variable or function named '%1' already exists.",
	"VARIABLE_ALREADY_EXISTS_FOR_ANOTHER_TYPE": "A variable named '%1' already exists for another type: '%2'.",
	"DELETE_VARIABLE_CONFIRMATION": "Delete %1 uses of the '%2' variable?",
	"CANNOT_DELETE_VARIABLE_PROCEDURE": "Can't delete the variable '%1' because it's part of the definition of the function '%2'",
	"DELETE_VARIABLE": "Delete the '%1' variable",
	"COLOUR_PICKER_HELPURL": "https://en.wikipedia.org/wiki/Color",
	"COLOUR_PICKER_TOOLTIP": "Choose a colour from the palette.",
	"COLOUR_RANDOM_HELPURL": "http://randomcolour.com",
	"COLOUR_RANDOM_TITLE": "random colour",
	"COLOUR_RANDOM_TOOLTIP": "Choose a colour at random.",
	"COLOUR_RGB_HELPURL": "http://www.december.com/html/spec/colorper.html",
	"COLOUR_RGB_TITLE": "colour with",
	"COLOUR_RGB_RED": "red",
	"COLOUR_RGB_GREEN": "green",
	"COLOUR_RGB_BLUE": "blue",
	"COLOUR_RGB_TOOLTIP": "Create a colour with the specified amount of red, green, and blue. All values must be between 0 and 100.",
	"COLOUR_BLEND_HELPURL": "http://meyerweb.com/eric/tools/color-blend/",
	"COLOUR_BLEND_TITLE": "blend",
	"COLOUR_BLEND_COLOUR1": "colour 1",
	"COLOUR_BLEND_COLOUR2": "colour 2",
	"COLOUR_BLEND_RATIO": "ratio",
	"COLOUR_BLEND_TOOLTIP": "Blends two colours together with a given ratio (0.0 - 1.0).",
	"CONTROLS_REPEAT_HELPURL": "https://en.wikipedia.org/wiki/For_loop",
	"CONTROLS_REPEAT_TITLE": "repeat %1 times",
	"CONTROLS_REPEAT_INPUT_DO": "do",
	"CONTROLS_REPEAT_TOOLTIP": "Do some statements several times.",
	"CONTROLS_WHILEUNTIL_HELPURL": "https://github.com/google/blockly/wiki/Loops#repeat",
	"CONTROLS_WHILEUNTIL_OPERATOR_WHILE": "repeat while",
	"CONTROLS_WHILEUNTIL_OPERATOR_UNTIL": "repeat until",
	"CONTROLS_WHILEUNTIL_TOOLTIP_WHILE": "While a value is true, then do some statements.",
	"CONTROLS_WHILEUNTIL_TOOLTIP_UNTIL": "While a value is false, then do some statements.",
	"CONTROLS_FOR_HELPURL": "https://github.com/google/blockly/wiki/Loops#count-with",
	"CONTROLS_FOR_TOOLTIP": "Have the variable '%1' take on the values from the start number to the end number, counting by the specified interval, and do the specified blocks.",
	"CONTROLS_FOR_TITLE": "count with %1 from %2 to %3 by %4",
	"CONTROLS_FOREACH_HELPURL": "https://github.com/google/blockly/wiki/Loops#for-each",
	"CONTROLS_FOREACH_TITLE": "for each item %1 in list %2",
	"CONTROLS_FOREACH_TOOLTIP": "For each item in a list, set the variable '%1' to the item, and then do some statements.",
	"CONTROLS_FLOW_STATEMENTS_HELPURL": "https://github.com/google/blockly/wiki/Loops#loop-termination-blocks",
	"CONTROLS_FLOW_STATEMENTS_OPERATOR_BREAK": "exit",
	"CONTROLS_FLOW_STATEMENTS_OPERATOR_CONTINUE": "continue",
	"CONTROLS_FLOW_STATEMENTS_TOOLTIP_BREAK": "exit of the containing loop.",
	"CONTROLS_FLOW_STATEMENTS_TOOLTIP_CONTINUE": "Skip the rest of this loop, and continue with the next iteration.",
	"CONTROLS_FLOW_STATEMENTS_WARNING": "Warning: This block may only be used within a loop.",
	"CONTROLS_IF_HELPURL": "https://github.com/google/blockly/wiki/IfElse",
	"CONTROLS_IF_TOOLTIP_1": "If a value is true, then do some statements.",
	"CONTROLS_IF_TOOLTIP_2": "If a value is true, then do the first block of statements. Otherwise, do the second block of statements.",
	"CONTROLS_IF_TOOLTIP_3": "If the first value is true, then do the first block of statements. Otherwise, if the second value is true, do the second block of statements.",
	"CONTROLS_IF_TOOLTIP_4": "If the first value is true, then do the first block of statements. Otherwise, if the second value is true, do the second block of statements. If none of the values are true, do the last block of statements.",
	"CONTROLS_IF_MSG_IF": "if",
	"CONTROLS_IF_MSG_ELSEIF": "else if",
	"CONTROLS_IF_MSG_ELSE": "else",
	"CONTROLS_IF_IF_TOOLTIP": "Add, remove, or reorder sections to reconfigure this if block.",
	"CONTROLS_IF_ELSEIF_TOOLTIP": "Add a condition to the if block.",
	"CONTROLS_IF_ELSE_TOOLTIP": "Add a final, catch-all condition to the if block.",
	"IOS_OK": "OK",
	"IOS_CANCEL": "Cancel",
	"IOS_ERROR": "Error",
	"IOS_PROCEDURES_INPUTS": "INPUTS",
	"IOS_PROCEDURES_ADD_INPUT": "+ Add Input",
	"IOS_PROCEDURES_ALLOW_STATEMENTS": "Allow statements",
	"IOS_PROCEDURES_DUPLICATE_INPUTS_ERROR": "This function has duplicate inputs.",
	"IOS_VARIABLES_ADD_VARIABLE": "+ Add Variable",
	"IOS_VARIABLES_ADD_BUTTON": "Add",
	"IOS_VARIABLES_RENAME_BUTTON": "Rename",
	"IOS_VARIABLES_DELETE_BUTTON": "Delete",
	"IOS_VARIABLES_VARIABLE_NAME": "Variable name",
	"IOS_VARIABLES_EMPTY_NAME_ERROR": "You can't use an empty variable name.",
	"LOGIC_COMPARE_HELPURL": "https://en.wikipedia.org/wiki/Inequality_(mathematics)",
	"LOGIC_COMPARE_TOOLTIP_EQ": "Return true if both inputs equal each other.",
	"LOGIC_COMPARE_TOOLTIP_NEQ": "Return true if both inputs are not equal to each other.",
	"LOGIC_COMPARE_TOOLTIP_LT": "Return true if the first input is smaller than the second input.",
	"LOGIC_COMPARE_TOOLTIP_LTE": "Return true if the first input is smaller than or equal to the second input.",
	"LOGIC_COMPARE_TOOLTIP_GT": "Return true if the first input is greater than the second input.",
	"LOGIC_COMPARE_TOOLTIP_GTE": "Return true if the first input is greater than or equal to the second input.",
	"LOGIC_OPERATION_HELPURL": "https://github.com/google/blockly/wiki/Logic#logical-operations",
	"LOGIC_OPERATION_TOOLTIP_AND": "Return true if both inputs are true.",
	"LOGIC_OPERATION_AND": "and",
	"LOGIC_OPERATION_TOOLTIP_OR": "Return true if at least one of the inputs is true.",
	"LOGIC_OPERATION_OR": "or",
	"LOGIC_NEGATE_HELPURL": "https://github.com/google/blockly/wiki/Logic#not",
	"LOGIC_NEGATE_TITLE": "not %1",
	"LOGIC_NEGATE_TOOLTIP": "Returns true if the input is false. Returns false if the input is true.",
	"LOGIC_BOOLEAN_HELPURL": "https://github.com/google/blockly/wiki/Logic#values",
	"LOGIC_BOOLEAN_TRUE": "true",
	"LOGIC_BOOLEAN_FALSE": "false",
	"LOGIC_BOOLEAN_TOOLTIP": "Returns either true or false.",
	"LOGIC_NULL_HELPURL": "https://en.wikipedia.org/wiki/Nullable_type",
	"LOGIC_NULL": "null",
	"LOGIC_NULL_TOOLTIP": "Returns null.",
	"LOGIC_TERNARY_HELPURL": "https://en.wikipedia.org/wiki/%3F:",
	"LOGIC_TERNARY_CONDITION": "test",
	"LOGIC_TERNARY_IF_TRUE": "if true",
	"LOGIC_TERNARY_IF_FALSE": "if false",
	"LOGIC_TERNARY_TOOLTIP": "Check the condition in 'test'. If the condition is true, returns the 'if true' value; otherwise returns the 'if false' value.",
	"MATH_NUMBER_HELPURL": "https://en.wikipedia.org/wiki/Number",
	"MATH_NUMBER_TOOLTIP": "A number.",
	"MATH_ADDITION_SYMBOL": "+",
	"MATH_SUBTRACTION_SYMBOL": "-",
	"MATH_DIVISION_SYMBOL": "÷",
	"MATH_MULTIPLICATION_SYMBOL": "×",
	"MATH_POWER_SYMBOL": "^",
	"MATH_MODULO_SYMBOL": "%",
	"MATH_FLOORDIVIDE_SYMBOL": "//",
	"MATH_TRIG_SIN": "sin",
	"MATH_TRIG_COS": "cos",
	"MATH_TRIG_TAN": "tan",
	"MATH_TRIG_ASIN": "asin",
	"MATH_TRIG_ACOS": "acos",
	"MATH_TRIG_ATAN": "atan",
	"MATH_ARITHMETIC_HELPURL": "https://en.wikipedia.org/wiki/Arithmetic",
	"MATH_ARITHMETIC_TOOLTIP_ADD": "Return the sum of the two numbers.",
	"MATH_ARITHMETIC_TOOLTIP_MINUS": "Return the difference of the two numbers.",
	"MATH_ARITHMETIC_TOOLTIP_MULTIPLY": "Return the product of the two numbers.",
	"MATH_ARITHMETIC_TOOLTIP_DIVIDE": "Return the quotient of the two numbers.",
	"MATH_ARITHMETIC_TOOLTIP_POWER": "Return the first number raised to the power of the second number.",
	"MATH_ARITHMETIC_TOOLTIP_MODULO": "Return the modulo of the two numbers",
	"MATH_SINGLE_HELPURL": "https://en.wikipedia.org/wiki/Square_root",
	"MATH_SINGLE_OP_ROOT": "square root",
	"MATH_SINGLE_TOOLTIP_ROOT": "Return the square root of a number.",
	"MATH_SINGLE_OP_ABSOLUTE": "absolute value",
	"MATH_SINGLE_TOOLTIP_ABS": "Return the absolute value of a number.",
	"MATH_SINGLE_TOOLTIP_NEG": "Return the negation of a number.",
	"MATH_SINGLE_TOOLTIP_LN": "Return the natural logarithm of a number.",
	"MATH_SINGLE_TOOLTIP_LOG10": "Return the base 10 logarithm of a number.",
	"MATH_SINGLE_TOOLTIP_EXP": "Return e to the power of a number.",
	"MATH_SINGLE_TOOLTIP_POW10": "Return 10 to the power of a number.",
	"MATH_TRIG_HELPURL": "https://en.wikipedia.org/wiki/Trigonometric_functions",
	"MATH_TRIG_TOOLTIP_SIN": "Return the sine of a degree (not radian).",
	"MATH_TRIG_TOOLTIP_COS": "Return the cosine of a degree (not radian).",
	"MATH_TRIG_TOOLTIP_TAN": "Return the tangent of a degree (not radian).",
	"MATH_TRIG_TOOLTIP_ASIN": "Return the arcsine of a number.",
	"MATH_TRIG_TOOLTIP_ACOS": "Return the arccosine of a number.",
	"MATH_TRIG_TOOLTIP_ATAN": "Return the arctangent of a number.",
	"MATH_CONSTANT_HELPURL": "https://en.wikipedia.org/wiki/Mathematical_constant",
	"MATH_CONSTANT_TOOLTIP": "Return one of the common constants: π (3.141…), e (2.718…), φ (1.618…), sqrt(2) (1.414…), sqrt(½) (0.707…), or ∞ (infinity).",
	"MATH_IS_EVEN": "is even",
	"MATH_IS_ODD": "is odd",
	"MATH_IS_PRIME": "is prime",
	"MATH_IS_WHOLE": "is whole",
	"MATH_IS_POSITIVE": "is positive",
	"MATH_IS_NEGATIVE": "is negative",
	"MATH_IS_DIVISIBLE_BY": "is divisible by",
	"MATH_IS_TOOLTIP": "Check if a number is an even, odd, prime, whole, positive, negative, or if it is divisible by certain number. Returns true or false.",
	"MATH_CHANGE_HELPURL": "https://en.wikipedia.org/wiki/Programming_idiom#Incrementing_a_counter",
	"MATH_CHANGE_TITLE": "change %1 by %2",
	"MATH_CHANGE_TOOLTIP": "Add a number to variable '%1'.",
	"MATH_ROUND_HELPURL": "https://en.wikipedia.org/wiki/Rounding",
	"MATH_ROUND_TOOLTIP": "Round a number up or down.",
	"MATH_ROUND_OPERATOR_ROUND": "round",
	"MATH_ROUND_OPERATOR_ROUNDUP": "round up",
	"MATH_ROUND_OPERATOR_ROUNDDOWN": "round down",
	"MATH_ONLIST_HELPURL": "",
	"MATH_ONLIST_OPERATOR_SUM": "sum of list",
	"MATH_ONLIST_TOOLTIP_SUM": "Return the sum of all the numbers in the list.",
	"MATH_ONLIST_OPERATOR_MIN": "min of list",
	"MATH_ONLIST_TOOLTIP_MIN": "Return the smallest number in the list.",
	"MATH_ONLIST_OPERATOR_MAX": "max of list",
	"MATH_ONLIST_TOOLTIP_MAX": "Return the largest number in the list.",
	"MATH_ONLIST_OPERATOR_AVERAGE": "average of list",
	"MATH_ONLIST_TOOLTIP_AVERAGE": "Return the average (arithmetic mean) of the numeric values in the list.",
	"MATH_ONLIST_OPERATOR_MEDIAN": "median of list",
	"MATH_ONLIST_TOOLTIP_MEDIAN": "Return the median number in the list.",
	"MATH_ONLIST_OPERATOR_MODE": "modes of list",
	"MATH_ONLIST_TOOLTIP_MODE": "Return a list of the most common item(s) in the list.",
	"MATH_ONLIST_OPERATOR_STD_DEV": "standard deviation of list",
	"MATH_ONLIST_TOOLTIP_STD_DEV": "Return the standard deviation of the list.",
	"MATH_ONLIST_OPERATOR_RANDOM": "random item of list",
	"MATH_ONLIST_TOOLTIP_RANDOM": "Return a random element from the list.",
	"MATH_MODULO_HELPURL": "https://en.wikipedia.org/wiki/Modulo_operation",
	"MATH_MODULO_TITLE": "remainder of %1 ÷ %2",
	"MATH_MODULO_TOOLTIP": "Return the remainder from dividing the two numbers.",
	"MATH_CONSTRAIN_HELPURL": "https://en.wikipedia.org/wiki/Clamping_(graphics)",
	"MATH_CONSTRAIN_TITLE": "constrain %1 low %2 high %3",
	"MATH_CONSTRAIN_TOOLTIP": "Constrain a number to be between the specified limits (inclusive).",
	"MATH_RANDOM_INT_HELPURL": "https://en.wikipedia.org/wiki/Random_number_generation",
	"MATH_RANDOM_INT_TITLE": "random integer from %1 to %2",
	"MATH_RANDOM_INT_TOOLTIP": "Return a random integer between the two specified limits, inclusive.",
	"MATH_RANDOM_FLOAT_HELPURL": "https://en.wikipedia.org/wiki/Random_number_generation",
	"MATH_RANDOM_FLOAT_TITLE_RANDOM": "random fraction",
	"MATH_RANDOM_FLOAT_TOOLTIP": "Return a random fraction between 0.0 (inclusive) and 1.0 (exclusive).",
	"TEXT_TEXT_HELPURL": "https://en.wikipedia.org/wiki/String_(computer_science)",
	"TEXT_TEXT_TOOLTIP": "A letter, word, or line of text.",
	"TEXT_JOIN_HELPURL": "https://github.com/google/blockly/wiki/Text#text-creation",
	"TEXT_JOIN_TITLE_CREATEWITH": "create text with",
	"TEXT_JOIN_TOOLTIP": "Create a piece of text by joining together any number of items.",
	"TEXT_CREATE_JOIN_TITLE_JOIN": "join",
	"TEXT_CREATE_JOIN_TOOLTIP": "Add, remove, or reorder sections to reconfigure this text block.",
	"TEXT_CREATE_JOIN_ITEM_TOOLTIP": "Add an item to the text.",
	"TEXT_APPEND_HELPURL": "https://github.com/google/blockly/wiki/Text#text-modification",
	"TEXT_APPEND_TITLE": "to %1 append text %2",
	"TEXT_APPEND_TOOLTIP": "Append some text to variable '%1'.",
	"TEXT_LENGTH_HELPURL": "https://github.com/google/blockly/wiki/Text#text-modification",
	"TEXT_LENGTH_TITLE": "length of %1",
	"TEXT_LENGTH_TOOLTIP": "Returns the number of letters (including spaces) in the provided text.",
	"TEXT_ISEMPTY_HELPURL": "https://github.com/google/blockly/wiki/Text#checking-for-empty-text",
	"TEXT_ISEMPTY_TITLE": "%1 is empty",
	"TEXT_ISEMPTY_TOOLTIP": "Returns true if the provided text is empty.",
	"TEXT_INDEXOF_HELPURL": "https://github.com/google/blockly/wiki/Text#finding-text",
	"TEXT_INDEXOF_TOOLTIP": "Returns the index of the first/last occurrence of the first text in the second text. Returns %1 if text is not found.",
	"TEXT_INDEXOF_TITLE": "in text %1 %2 %3",
	"TEXT_INDEXOF_OPERATOR_FIRST": "find first occurrence of text",
	"TEXT_INDEXOF_OPERATOR_LAST": "find last occurrence of text",
	"TEXT_CHARAT_HELPURL": "https://github.com/google/blockly/wiki/Text#extracting-text",
	"TEXT_CHARAT_TITLE": "in text %1 %2",
	"TEXT_CHARAT_FROM_START": "get letter #",
	"TEXT_CHARAT_FROM_END": "get letter # from end",
	"TEXT_CHARAT_FIRST": "get first letter",
	"TEXT_CHARAT_LAST": "get last letter",
	"TEXT_CHARAT_RANDOM": "get random letter",
	"TEXT_CHARAT_TAIL": "",
	"TEXT_CHARAT_TOOLTIP": "Returns the letter at the specified position.",
	"TEXT_GET_SUBSTRING_TOOLTIP": "Returns a specified portion of the text.",
	"TEXT_GET_SUBSTRING_HELPURL": "https://github.com/google/blockly/wiki/Text#extracting-a-region-of-text",
	"TEXT_GET_SUBSTRING_INPUT_IN_TEXT": "in text",
	"TEXT_GET_SUBSTRING_START_FROM_START": "get substring from letter #",
	"TEXT_GET_SUBSTRING_START_FROM_END": "get substring from letter # from end",
	"TEXT_GET_SUBSTRING_START_FIRST": "get substring from first letter",
	"TEXT_GET_SUBSTRING_END_FROM_START": "to letter #",
	"TEXT_GET_SUBSTRING_END_FROM_END": "to letter # from end",
	"TEXT_GET_SUBSTRING_END_LAST": "to last letter",
	"TEXT_GET_SUBSTRING_TAIL": "",
	"TEXT_CHANGECASE_HELPURL": "https://github.com/google/blockly/wiki/Text#adjusting-text-case",
	"TEXT_CHANGECASE_TOOLTIP": "Return a copy of the text in a different case.",
	"TEXT_CHANGECASE_OPERATOR_UPPERCASE": "to UPPER CASE",
	"TEXT_CHANGECASE_OPERATOR_LOWERCASE": "to lower case",
	"TEXT_CHANGECASE_OPERATOR_TITLECASE": "to Title Case",
	"TEXT_TRIM_HELPURL": "https://github.com/google/blockly/wiki/Text#trimming-removing-spaces",
	"TEXT_TRIM_TOOLTIP": "Return a copy of the text with spaces removed from one or both ends.",
	"TEXT_TRIM_OPERATOR_BOTH": "trim spaces from both sides of",
	"TEXT_TRIM_OPERATOR_LEFT": "trim spaces from left side of",
	"TEXT_TRIM_OPERATOR_RIGHT": "trim spaces from right side of",
	"TEXT_PRINT_HELPURL": "https://github.com/google/blockly/wiki/Text#printing-text",
	"TEXT_PRINT_TITLE": "print %1",
	"TEXT_PRINT_TOOLTIP": "Print the specified text, number or other value.",
	"TEXT_PROMPT_HELPURL": "https://github.com/google/blockly/wiki/Text#getting-input-from-the-user",
	"TEXT_PROMPT_TYPE_TEXT": "prompt for text with message",
	"TEXT_PROMPT_TYPE_NUMBER": "prompt for number with message",
	"TEXT_PROMPT_TOOLTIP_NUMBER": "Prompt for user for a number.",
	"TEXT_PROMPT_TOOLTIP_TEXT": "Prompt for user for some text.",
	"TEXT_COUNT_MESSAGE0": "count %1 in %2",
	"TEXT_COUNT_HELPURL": "https://github.com/google/blockly/wiki/Text#counting-substrings",
	"TEXT_COUNT_TOOLTIP": "Count how many times some text occurs within some other text.",
	"TEXT_REPLACE_MESSAGE0": "replace %1 with %2 in %3",
	"TEXT_REPLACE_HELPURL": "https://github.com/google/blockly/wiki/Text#replacing-substrings",
	"TEXT_REPLACE_TOOLTIP": "Replace all occurances of some text within some other text.",
	"TEXT_REVERSE_MESSAGE0": "reverse %1",
	"TEXT_REVERSE_HELPURL": "https://github.com/google/blockly/wiki/Text#reversing-text",
	"TEXT_REVERSE_TOOLTIP": "Reverses the order of the characters in the text.",
	"LISTS_CREATE_EMPTY_HELPURL": "https://github.com/google/blockly/wiki/Lists#create-empty-list",
	"LISTS_CREATE_EMPTY_TITLE": "create an empty list",
	"LISTS_CREATE_EMPTY_TOOLTIP": "Returns a list, of length 0, containing no data records",
	"LISTS_CREATE_WITH_HELPURL": "https://github.com/google/blockly/wiki/Lists#create-list-with",
	"LISTS_CREATE_WITH_TOOLTIP": "Create a list with any number of items.",
	"LISTS_CREATE_WITH_INPUT_WITH": "create a list with",
	"LISTS_CREATE_WITH_CONTAINER_TITLE_ADD": "list",
	"LISTS_CREATE_WITH_CONTAINER_TOOLTIP": "Add, remove, or reorder sections to reconfigure this list block.",
	"LISTS_CREATE_WITH_ITEM_TOOLTIP": "Add an item to the list.",
	"LISTS_REPEAT_HELPURL": "https://github.com/google/blockly/wiki/Lists#create-list-with",
	"LISTS_REPEAT_TOOLTIP": "Creates a list consisting of the given value repeated the specified number of times.",
	"LISTS_REPEAT_TITLE": "create a list with item %1 repeated %2 times",
	"LISTS_LENGTH_HELPURL": "https://github.com/google/blockly/wiki/Lists#length-of",
	"LISTS_LENGTH_TITLE": "length of %1",
	"LISTS_LENGTH_TOOLTIP": "Returns the length of a list.",
	"LISTS_ISEMPTY_HELPURL": "https://github.com/google/blockly/wiki/Lists#is-empty",
	"LISTS_ISEMPTY_TITLE": "%1 is empty",
	"LISTS_ISEMPTY_TOOLTIP": "Returns true if the list is empty.",
	"LISTS_INLIST": "in list",
	"LISTS_INDEX_OF_HELPURL": "https://github.com/google/blockly/wiki/Lists#getting-items-from-a-list",
	"LISTS_INDEX_OF_FIRST": "find first occurrence of item",
	"LISTS_INDEX_OF_LAST": "find last occurrence of item",
	"LISTS_INDEX_OF_TOOLTIP": "Returns the index of the first/last occurrence of the item in the list. Returns %1 if item is not found.",
	"LISTS_GET_INDEX_GET": "get",
	"LISTS_GET_INDEX_GET_REMOVE": "get and remove",
	"LISTS_GET_INDEX_REMOVE": "remove",
	"LISTS_GET_INDEX_FROM_START": "#",
	"LISTS_GET_INDEX_FROM_END": "# from end",
	"LISTS_GET_INDEX_FIRST": "first",
	"LISTS_GET_INDEX_LAST": "last",
	"LISTS_GET_INDEX_RANDOM": "random",
	"LISTS_GET_INDEX_TAIL": "",
	"LISTS_INDEX_FROM_START_TOOLTIP": "%1 is the first item.",
	"LISTS_INDEX_FROM_END_TOOLTIP": "%1 is the last item.",
	"LISTS_GET_INDEX_TOOLTIP_GET_FROM": "Returns the item at the specified position in a list.",
	"LISTS_GET_INDEX_TOOLTIP_GET_FIRST": "Returns the first item in a list.",
	"LISTS_GET_INDEX_TOOLTIP_GET_LAST": "Returns the last item in a list.",
	"LISTS_GET_INDEX_TOOLTIP_GET_RANDOM": "Returns a random item in a list.",
	"LISTS_GET_INDEX_TOOLTIP_GET_REMOVE_FROM": "Removes and returns the item at the specified position in a list.",
	"LISTS_GET_INDEX_TOOLTIP_GET_REMOVE_FIRST": "Removes and returns the first item in a list.",
	"LISTS_GET_INDEX_TOOLTIP_GET_REMOVE_LAST": "Removes and returns the last item in a list.",
	"LISTS_GET_INDEX_TOOLTIP_GET_REMOVE_RANDOM": "Removes and returns a random item in a list.",
	"LISTS_GET_INDEX_TOOLTIP_REMOVE_FROM": "Removes the item at the specified position in a list.",
	"LISTS_GET_INDEX_TOOLTIP_REMOVE_FIRST": "Removes the first item in a list.",
	"LISTS_GET_INDEX_TOOLTIP_REMOVE_LAST": "Removes the last item in a list.",
	"LISTS_GET_INDEX_TOOLTIP_REMOVE_RANDOM": "Removes a random item in a list.",
	"LISTS_SET_INDEX_HELPURL": "https://github.com/google/blockly/wiki/Lists#in-list--set",
	"LISTS_SET_INDEX_SET": "set",
	"LISTS_SET_INDEX_INSERT": "insert at",
	"LISTS_SET_INDEX_INPUT_TO": "as",
	"LISTS_SET_INDEX_TOOLTIP_SET_FROM": "Sets the item at the specified position in a list.",
	"LISTS_SET_INDEX_TOOLTIP_SET_FIRST": "Sets the first item in a list.",
	"LISTS_SET_INDEX_TOOLTIP_SET_LAST": "Sets the last item in a list.",
	"LISTS_SET_INDEX_TOOLTIP_SET_RANDOM": "Sets a random item in a list.",
	"LISTS_SET_INDEX_TOOLTIP_INSERT_FROM": "Inserts the item at the specified position in a list.",
	"LISTS_SET_INDEX_TOOLTIP_INSERT_FIRST": "Inserts the item at the start of a list.",
	"LISTS_SET_INDEX_TOOLTIP_INSERT_LAST": "Append the item to the end of a list.",
	"LISTS_SET_INDEX_TOOLTIP_INSERT_RANDOM": "Inserts the item randomly in a list.",
	"LISTS_GET_SUBLIST_HELPURL": "https://github.com/google/blockly/wiki/Lists#getting-a-sublist",
	"LISTS_GET_SUBLIST_START_FROM_START": "get sub-list from #",
	"LISTS_GET_SUBLIST_START_FROM_END": "get sub-list from # from end",
	"LISTS_GET_SUBLIST_START_FIRST": "get sub-list from first",
	"LISTS_GET_SUBLIST_END_FROM_START": "to #",
	"LISTS_GET_SUBLIST_END_FROM_END": "to # from end",
	"LISTS_GET_SUBLIST_END_LAST": "to last",
	"LISTS_GET_SUBLIST_TAIL": "",
	"LISTS_GET_SUBLIST_TOOLTIP": "Creates a copy of the specified portion of a list.",
	"LISTS_SORT_HELPURL": "https://github.com/google/blockly/wiki/Lists#sorting-a-list",
	"LISTS_SORT_TITLE": "sort %1 %2 %3",
	"LISTS_SORT_TOOLTIP": "Sort a copy of a list.",
	"LISTS_SORT_ORDER_ASCENDING": "ascending",
	"LISTS_SORT_ORDER_DESCENDING": "descending",
	"LISTS_SORT_TYPE_NUMERIC": "numeric",
	"LISTS_SORT_TYPE_TEXT": "alphabetic",
	"LISTS_SORT_TYPE_IGNORECASE": "alphabetic, ignore case",
	"LISTS_SPLIT_HELPURL": "https://github.com/google/blockly/wiki/Lists#splitting-strings-and-joining-lists",
	"LISTS_SPLIT_LIST_FROM_TEXT": "make list from text",
	"LISTS_SPLIT_TEXT_FROM_LIST": "make text from list",
	"LISTS_SPLIT_WITH_DELIMITER": "with delimiter",
	"LISTS_SPLIT_TOOLTIP_SPLIT": "Split text into a list of texts, breaking at each delimiter.",
	"LISTS_SPLIT_TOOLTIP_JOIN": "Join a list of texts into one text, separated by a delimiter.",
	"LISTS_REVERSE_HELPURL": "https://github.com/google/blockly/wiki/Lists#reversing-a-list",
	"LISTS_REVERSE_MESSAGE0": "reverse %1",
	"LISTS_REVERSE_TOOLTIP": "Reverse a copy of a list.",
	"ORDINAL_NUMBER_SUFFIX": "",
	"VARIABLES_GET_HELPURL": "https://github.com/google/blockly/wiki/Variables#get",
	"VARIABLES_GET_TOOLTIP": "Returns the value of this variable.",
	"VARIABLES_GET_CREATE_SET": "Create 'set %1'",
	"VARIABLES_SET_HELPURL": "https://github.com/google/blockly/wiki/Variables#set",
	"VARIABLES_SET": "set %1 to %2",
	"VARIABLES_SET_TOOLTIP": "Sets this variable to be equal to the input.",
	"VARIABLES_SET_CREATE_GET": "Create 'get %1'",
	"PROCEDURES_DEFNORETURN_HELPURL": "https://en.wikipedia.org/wiki/Subroutine",
	"PROCEDURES_DEFNORETURN_TITLE": "function",
	"PROCEDURES_DEFNORETURN_PROCEDURE": "perform an action",
	"PROCEDURES_BEFORE_PARAMS": "with:",
	"PROCEDURES_CALL_BEFORE_PARAMS": "with:",
	"PROCEDURES_DEFNORETURN_DO": "",
	"PROCEDURES_DEFNORETURN_TOOLTIP": "Creates a function with no output.",
	"PROCEDURES_DEFNORETURN_COMMENT": "Describe this function...",
	"PROCEDURES_DEFRETURN_HELPURL": "https://en.wikipedia.org/wiki/Subroutine",
	"PROCEDURES_DEFRETURN_RETURN": "return",
	"PROCEDURES_DEFRETURN_TOOLTIP": "Creates a function with an output.",
	"PROCEDURES_ALLOW_STATEMENTS": "allow statements",
	"PROCEDURES_DEF_DUPLICATE_WARNING": "Warning: This function has duplicate parameters.",
	"PROCEDURES_CALLNORETURN_HELPURL": "https://en.wikipedia.org/wiki/Subroutine",
	"PROCEDURES_CALLNORETURN_TOOLTIP": "Run the user-defined function '%1'.",
	"PROCEDURES_CALLRETURN_HELPURL": "https://en.wikipedia.org/wiki/Subroutine",
	"PROCEDURES_CALLRETURN_TOOLTIP": "Run the user-defined function '%1' and use its output.",
	"PROCEDURES_MUTATORCONTAINER_TITLE": "inputs",
	"PROCEDURES_MUTATORCONTAINER_TOOLTIP": "Add, remove, or reorder inputs to this function.",
	"PROCEDURES_MUTATORARG_TITLE": "input name:",
	"PROCEDURES_MUTATORARG_TOOLTIP": "Add an input to the function.",
	"PROCEDURES_HIGHLIGHT_DEF": "Highlight function definition",
	"PROCEDURES_CREATE_DO": "Create '%1'",
	"FUNCTIONS_EDIT_OPTION": "Edit",
	"FUNCTIONS_CALL_TITLE": "call",
	"FUNCTION_CREATE_NEW": "Create a Function",
	"FUNCTION_CALL_TOOLTIP": "Call a function that was previously defined.",
	"FUNCTION_WARNING_DUPLICATE_ARG": "Functions cannot use the same argument name more than once.",
	"FUNCTION_WARNING_EMPTY_NAME": "Function and argument names cannot be empty.",
	"FUNCTION_WARNING_ARG_NAME_IS_FUNCTION_NAME": "Argument names must not be the same as the function name.",
	"FUNCTIONS_DEFAULT_FUNCTION_NAME": "do_something",
	"FUNCTIONS_DEFAULT_BOOLEAN_ARG_NAME": "bool",
	"FUNCTIONS_DEFAULT_STRING_ARG_NAME": "text",
	"FUNCTIONS_DEFAULT_NUMBER_ARG_NAME": "num",
	"FUNCTIONS_DEFAULT_CUSTOM_ARG_NAME": "arg",
	"PROCEDURES_IFRETURN_TOOLTIP": "If a value is true, then return a second value.",
	"PROCEDURES_IFRETURN_HELPURL": "http://c2.com/cgi/wiki?GuardClause",
	"PROCEDURES_IFRETURN_WARNING": "Warning: This block may be used only within a function definition.",
	"WORKSPACE_COMMENT_DEFAULT_TEXT": "Say something...",
	"SS_TOOLBOX_TITLE_ACTION": "Action",
	"SS_TOOLBOX_TITLE_DETECTION": "Detect",
	"SS_TOOLBOX_TITLE_OUTPUT": "Output",
	"SS_TOOLBOX_TITLE_LOGIC": "Logic",
	"SS_TOOLBOX_TITLE_LOOPS": "Loops",
	"SS_TOOLBOX_TITLE_MATH": "Math",
	"SS_TOOLBOX_TITLE_TEXT": "Text",
	"SS_TOOLBOX_TITLE_LISTS": "Lists",
	"SS_TOOLBOX_TITLE_VARIABLES": "Variables",
	"SS_TOOLBOX_TITLE_PROCEDURES": "Functions",
	"SS_BLOCK_WHILE": "while %1",
	"SS_BLOCK_RANGE": "range %1 to %2",
	"SS_BLOCK_RANGE_FULL": "range %1 to %2 by %3",
	"SS_BLOCK_FORRANGE": "for each item %1 in %2",
	"SS_BLOCK_LIST_GETINDEX": "%1 get value at %2",
	"SS_BLOCK_LIST_SETINDEX": "%1 set value at %2 to %3",
	"SS_BLOCK_LIST_APPEND": "append %1 to list %2",
	"SS_BLOCK_OUTPUT_PRINT": "print %1 %2",
	"SS_BLOCK_OUTPUT_PRINT_MESSAGE": "print %1",
	"SS_BLOCK_BAILU_GO": "go",
	"SS_BLOCK_BAILU_GO2": "go %1 %2",
	"SS_BLOCK_BAILU_GO3": "go %1 %2 %3",
	"SS_BLOCK_BAILU_SET": "set to %1 %2",
	"SS_BLOCK_BAILU_DEVIATION": "get deviation",
	"SS_BLOCK_BAILU_REFRESH": "refresh",
	"SS_BLOCK_BAILU_COLORS": "get colors",
	"SS_BLOCK_BAILU_COLORS_I": "get color %1",
	"SS_BLOCK_BAILU_COLORS_DEFINE_RED": "red",
	"SS_BLOCK_BAILU_COLORS_DEFINE_GREEN": "green",
	"SS_BLOCK_BAILU_COLORS_DEFINE_BLUE": "blue",
	"SS_BLOCK_BAILU_ISFAIL": "is fail",
	"SS_BLOCK_BAILU_DISTANCES": "get distances",
	"SS_BLOCK_BAILU_DISTANCES_I": "get distances %1",
	"SS_BLOCK_BAILU_DISTANCES_I_LF": "left front",
	"SS_BLOCK_BAILU_DISTANCES_I_RF": "right front",
	"SS_BLOCK_BAILU_DISTANCES_I_F": "front",
	"SS_BLOCK_BAILU_DISTANCES_I_B": "behind",
	"SS_BLOCK_BAILU_INTENSITIES": "get intensities",
	"SS_BLOCK_BAILU_INTENSITIES_I": "get intensity %1",
	"SS_BLOCK_UNITY_FORWARD": "forward",
	"SS_BLOCK_UNITY_COLLECT": "collect",
	"SS_BLOCK_UNITY_RIGHT": "turn right",
	"SS_BLOCK_UNITY_LEFT": "turn left",
	"SS_BLOCK_UNITY_HASOBSTACLE": "obstacle %1 ?",
	"SS_BLOCK_UNITY_HASOBSTACLE_1": "on the left",
	"SS_BLOCK_UNITY_HASOBSTACLE_2": "ahead",
	"SS_BLOCK_UNITY_HASOBSTACLE_3": "on the right",
	"SS_BLOCK_UNITY_ONWHAT": "on %1 ?",
	"SS_BLOCK_UNITY_ONWHAT_1": "energy block",
	"SS_BLOCK_UNITY_ONWHAT_2": "finish line",
	"SS_BLOCK_VCAR_GO": "go %1, %2 , %3 frames",
	"SS_BLOCK_VCAR_GO2": "go %1, %2 , %3 seconds",
	"SS_BLOCK_VCAR_SET": "set %1 %2 %3",
	"SS_BLOCK_VCAR_REFRESH": "refresh",
	"SS_BLOCK_VCAR_RUNWITHPID": "run PID control %1 %2 %3",
	"SS_BLOCK_VCAR_DEVIATION": "deviation",
	"SS_BLOCK_VCAR_CLOCKWISE_DEGREE": "clockwise deviation threshold set as %1",
	"SS_BLOCK_VCAR_ANTICLOCKWISE_DEGREE": "counterclockwise deviation threshold set as %1",
	"SS_BLOCK_VCAR_SET_TARGET": "set threshold at %1",
	"SS_BLOCK_VCAR_DISTANCE": "get %1 distance value",
	"SS_BLOCK_VCAR_DISTANCE_DETECT": "%1 distance %2 %3",
	"SS_BLOCK_VCAR_COLOR_DETECT": "sensor %1 %2 %3",
	"SS_BLOCK_VCAR_COLOR_DETECT_ADVANCED": "sensor %1 detects %3 value %2 %4",
	"SS_BLOCK_VCAR_INTENSITY_DETECT": "sensor %1 %2 light",
	"SS_BLOCK_VCAR_GETLINELOC": "sensors that detect red",
	"SS_BLOCK_VCAR_PRECISE_DISTANCE": "get distance from %1",
	"SS_BLOCK_VCAR_GETINTENSITY": "get light intensity for sensor %1",
	"SS_BLOCK_VCAR_DROPDOWN_FL": "front-left sensor",
	"SS_BLOCK_VCAR_DROPDOWN_FR": "front-right sensor",
	"SS_BLOCK_VCAR_DROPDOWN_FRONT": "front sensor",
	"SS_BLOCK_VCAR_DROPDOWN_REAR": "rear sensor",
	"SS_BLOCK_VCAR_DROPDOWN_HAS": "detects",
	"SS_BLOCK_VCAR_DROPDOWN_HASNOT": "does not detect",
	"SS_BLOCK_VCAR_DROPDOWN_RED": "red",
	"SS_BLOCK_VCAR_DROPDOWN_GREEN": "green",
	"SS_BLOCK_VCAR_DROPDOWN_BLUE": "blue",
	"SS_BLOCK_VCAR_INCURRENTTASK": "for current task",
	"SS_BLOCK_VCAR_DROPDOWN_COMPARE_M": ">",
	"SS_BLOCK_VCAR_DROPDOWN_COMPARE_ME": ">=",
	"SS_BLOCK_VCAR_DROPDOWN_COMPARE_L": "<",
	"SS_BLOCK_VCAR_DROPDOWN_COMPARE_LE": "<=",
	"SS_BLOCK_VCAR_DROPDOWN_COMPARE_E": "=",
	"SS_BLOCK_POCKET_GO": "go %1 %2",
	"SS_BLOCK_POCKET_GO2": "go %1 %2 %3",
	"SS_BLOCK_POCKET_TURN": "turn %1",
	"SS_BLOCK_POCKET_SETRGB": "set light color %1 %2 %3",
	"SS_BLOCK_POCKET_DISTANCE": "get %1 distance value",
	"SS_BLOCK_POCKET_DISTANCE_DETECT": "%1 distance %2 %3",
	"SS_BLOCK_POCKET_COLORSENSOR": "color sensor %1",
	"SS_BLOCK_POCKET_DETECTS_BLACK": "detects black %1",
	"SS_BLOCK_POCKET_DETECTS_WHITE": "detects white %1",
	"SS_BLOCK_POCKET_DETECTS_COLOR": "detects %1 %2 %3",
	"SS_BLOCK_POCKET_LIGHTTRACK": "light track %1 %2 %3 %4 %5",
	"SS_BLOCK_POCKET_LIGHTTRACKWITHDIFF": "light track by diff %1 %2 %3 %4 %5",
	"SS_BLOCK_POCKET_AVERAGE_DISTANCE": "get average sensor %1",
	"SS_BLOCK_POCKET_FRONT_DISTANCE": "get front distance",
	"SS_BLOCK_POCKET_GETTURNANGLE": "get turn angle %1 %2",
	"SS_BLOCK_POCKET_PIRATETREASURE": "Find Pirate's Treasure %1 %2 %3 %4 %5",
	"SS_BLOCK_POCKET_GET_INTENSITY": "get intensity %1",
	"SS_BLOCK_POCKET_DROPDOWN_DIRECTION_F": "front",
	"SS_BLOCK_POCKET_DROPDOWN_DIRECTION_R": "right",
	"SS_BLOCK_POCKET_DROPDOWN_DIRECTION_L": "left",
	"SS_BLOCK_POCKET_DROPDOWN_FL": "front-left sensor",
	"SS_BLOCK_POCKET_DROPDOWN_FR": "front-right sensor",
	"SS_BLOCK_POCKET_DROPDOWN_RED": "red",
	"SS_BLOCK_POCKET_DROPDOWN_GREEN": "green",
	"SS_BLOCK_POCKET_DROPDOWN_BLUE": "blue",
	"SS_BLOCK_POCKET_DROPDOWN_R": "R",
	"SS_BLOCK_POCKET_DROPDOWN_G": "G",
	"SS_BLOCK_POCKET_DROPDOWN_B": "B",
	"SS_BLOCK_POCKET_DROPDOWN_C": "C",
	"SS_BLOCK_POCKET_GET_INTENSITY_ALL": "get all intensity",
	"SS_BLOCK_POCKET_GET_DISTANCE_ALL": "get all distance",
	"SS_BLOCK_POCKET_GET_COLOR_ALL": "get all color",
	"SS_BLOCK_POCKET_GET_LR_SPEED_ALL": "get right left speed",
	"SS_BLOCK_POCKET_GETTURNANGLE_2": "get turn angle %1 %2",
	"SS_BLOCK_POCKET_GETMINDISTANCE": "get min distance",
	"SS_BLOCK_POCKET_INTENSITY_DETECT": "intensity %1 %2 %3",
	"SS_BLOCK_POCKET_PID": "PID %1",
	"SS_BLOCK_POCKET_LIGHTTRACKWITHPID": "light track by PID %1 %2 %3 %4 %5 %6 %7",
	"SS_BLOCK_POCKET_WHEREISIT": "where is it %2 %1",
	"SS_BLOCK_POCKET_LIGHTONCOLORFULLINE": "light on colorful line: %1 %2 %3 %4 %5 %6",
	"SS_BLOCK_PRIME_LOADIMG": "load image from %1",
	"SS_BLOCK_PRIME_ALIGNFACE": "align face in image %1",
	"SS_BLOCK_PRIME_GETFACEFEATURE": "extract feature from face %1",
	"SS_BLOCK_PRIME_DECODE": "decode feature %1 into image",
	"SS_BLOCK_PRIME_IMREAD": "read image %1",
	"SS_BLOCK_PRIME_GETGENDER": "get gender from image %1",
	"SS_BLOCK_PRIME_LOADIMG3": "load image from %1",
	"SS_BLOCK_PRIME_DETECTFACE": "detect face from image %1",
	"SS_BLOCK_PRIME_LOADIMGFROMURL": "load URL image from %1",
	"SS_BLOCK_PRIME_GETAGENT": "get agent",
	"SS_BLOCK_PRIME_SHOWPROBLEM": "get problem %2 from agent %1",
	"SS_BLOCK_PRIME_RECORDVOICE": "start recording",
	"SS_BLOCK_PRIME_RECVOICE": "recognize voice %1",
	"SS_BLOCK_PRIME_CHECKPROBLEMANSWER": "check problem %2 from agent %1 with the answer %3",
	"SS_BLOCK_PRIME_SWAPFACE": "swap faces between %1 and %2",
	"SS_BLOCK_PRIME_GETDATABASE": "get database",
	"SS_BLOCK_PRIME_GETLITTLESTAR": "get Twinkle Twinkle song",
	"SS_BLOCK_PRIME_GENMUSIC": "generate music wih length %1 similarity %2",
	"SS_BLOCK_PRIME_GETMUSICFROMDIGITS": "transform notation %1 into music",
	"SS_BLOCK_PRIME_FINDSIMILAR": "find similar tracks in database %1 with spectrum %2",
	"SS_BLOCK_PRIME_GETFEATURE": "extract feature in rect %2 from image %1",
	"SS_BLOCK_PRIME_CROPFACE": "extract ROI in rect %2 from image %1",
	"SS_BLOCK_PRIME_CLUSTERFACE": "cluster the feature list %1",
	"SS_BLOCK_PRIME_LOADBOARDIMG": "load the standard checker board image",
	"SS_BLOCK_PRIME_FINDBOARDCORNERS": "detect checkerboard keypoints in image %1",
	"SS_BLOCK_PRIME_GETMAP": "generate random map",
	"SS_BLOCK_PRIME_DISTANCE": "get distance from point %2 to point %3 in map %1",
	"SS_BLOCK_PRIME_FACEBEAUTY": "convert image %1 into editable mode",
	"SS_BLOCK_PRIME_WHITENSKIN": "whiten image %1 by %2 degrees",
	"SS_BLOCK_PRIME_DERMABRASION": "correct image %1 by %2 degrees",
	"SS_BLOCK_PRIME_BOKEH": "blur image %1 background by %2 degrees",
	"SS_BLOCK_PRIME_GETQUESTION": "get question",
	"SS_BLOCK_PRIME_ETRECOMMEND": "get recommendations based on question %1",
	"SS_BLOCK_PRIME_IMSHOW": "display image %1",
	"SS_BLOCK_PRIME_PRINTLENGTH": "print length of feature %1",
	"SS_BLOCK_PRIME_SHOWVECTOR": "show vector %1",
	"SS_BLOCK_PRIME_BLEND": "show transitional images from %1 to %2",
	"SS_BLOCK_PRIME_IMSHOWWITHRECTS": "display image %1 with rects %2",
	"SS_BLOCK_PRIME_MP3WRITE": "save music %1",
	"SS_BLOCK_PRIME_PLAYMUSIC": "play music stored in %1",
	"SS_BLOCK_PRIME_IMSHOWTHUMBNAIL": "display thumbnail of image list %1",
	"SS_BLOCK_PRIME_DRAWCORNERS": "use detection result %2 to draw keypoints on image %1",
	"SS_BLOCK_PRIME_RUNBOARD": "run program",
	"SS_BLOCK_PRIME_SHOWMAP": "show map %1",
	"SS_BLOCK_PRIME_VISUALIZE": "visual list of goods",
	"SS_BTN_OK": "OK",
	"SS_BTN_CANCEL": "Cancel",
	"SS_BLOCK_PRIM3_IMSHOW": "display image %1",
	"SS_BLOCK_PRIM3_SHOWINLINE": "display image list %1 in line",
	"SS_BLOCK_PRIM3_TRAINLINEARCLASSIFIER": "train model %1 through feature %2 and label %3",
	"SS_BLOCK_PRIM3_PLAYIMGS": "play image list %1 fps %2",
	"SS_BLOCK_PRIM3_TRACKING": "tracking image list %1, init rect %2, config %3",
	"SS_BLOCK_PRIM3_SHOWFEATURE": "show feature of model %1",
	"SS_BLOCK_PRIM3_SHOWWITHRECTS": "show rects %2 in image %1",
	"SS_BLOCK_PRIM3_COMPARE": "compare feature %1 between feature %2 with threshold %3",
	"SS_BLOCK_PRIM3_DETECTFACE": "detect faces in image %1",
	"SS_BLOCK_PRIM3_EXTRACTFEATURE": "extract feature from image %1 in rect %2",
	"SS_BLOCK_PRIM3_LOADIMG": "load image from path %1",
	"SS_BLOCK_PRIM3_LOADIMGFROMURL": "load URL image from %1",
	"SS_BLOCK_PRIM3_TAKEPHOTO": "take photo",
	"SS_BLOCK_PRIM3_CLASSIFY": "classify the image %1",
	"SS_BLOCK_PRIM3_GETCLASSIFIER": "get classifier",
	"SS_BLOCK_PRIM3_ADDRECT2IMG": "draw rect %2 in image %1 with color %3 index %4",
	"SS_BLOCK_PRIM3_CROPIMG": "crop image %1 by rect %2",
	"SS_BLOCK_PRIM3_DETECT": "detect image %1 by model %2 class %3",
	"SS_BLOCK_PRIM3_GETDETECTIONMODEL": "get detection model",
	"SS_BLOCK_PRIM3_RUNSYSTEM": "run system with dataset %1 threshold %2 auto-stop %3",
	"SS_BLOCK_PRIM3_EXTRACTHOGFEATURE": "extract HOG feature from image list %1",
	"SS_BLOCK_PRIM3_GETLINEARCLASSIFIER": "get linear classifier",
	"SS_BLOCK_PRIM3_LOADIMGSFROMFOLDER": "extract images from folder %1",
	"SS_BLOCK_PRIM3_TESTLINEARCLASSIFIER": "predict feature %2 by model %1",
	"SS_BLOCK_PRIM3_DETECTIONFUNC": "detect image %1 and plot rect",
	"SS_BLOCK_PRIM3_GETVIDEOCONTENT": "get detect result of video %1 by function %2",
	"SS_BLOCK_PRIM3_GETVIDEOINFO": "get information about video %1",
	"SS_BLOCK_PRIM3_RECORDVIDEO": "record video",
	"SS_BLOCK_PRIM3_SELECTRECT": "select rect in image %1",
	"SS_BLOCK_PRIM3_ADD2DATASET": "add feature %3 to dataset %1 with name %2",
	"SS_BLOCK_PRIM3_GETEMPTYDICT": "get an empty dict",
	"SS_BLOCK_PRIM3_GETFEATURE": "get feature from dataset %1 with name %2",
	"SS_BLOCK_PRIM3_COPYIMG": "copy image %1",
	"SS_BLOCK_PRIM3_GETRECTINF": "get %2 for rect %1",
	"SS_BLOCK_PRIM3_FINDMAXFACE": "find max rect in results %1",
	"SS_BLOCK_PRIM3_SELECTMAXFACE": "show max rect %2 in image %1",
	"SS_BLOCK_PRIM3_MAXNUM": "get max between %1 and %2",
	"SS_BLOCK_PRIM3_DROPDOWN_LEFT": "left",
	"SS_BLOCK_PRIM3_DROPDOWN_RIGHT": "right",
	"SS_BLOCK_PRIM3_DROPDOWN_TOP": "top",
	"SS_BLOCK_PRIM3_DROPDOWN_BOTTOM": "bottom",
	"SS_BLOCK_PRIM_GETFASTESTROAD": "get fastest road of map %1",
	"SS_BLOCK_PRIM_GETANSWER": "get feedback from the answers %1",
	"SS_BLOCK_PRIME_SETALBUM": "setAlbum, featureList %1 clustResult %2 faceList %3",
	"SS_BLOCK_PRIM4_IMAGETOTEXT": "capture image %1",
	"SS_BLOCK_PRIM4_IMAGETOTEXTURL": "capture image %1",
	"SS_BLOCK_PRIM4_PLOTSCATTER": "draw scatter plot of data %1",
	"SS_BLOCK_PRIM4_CHECKAUTHENTICITY": "check if data %2 fit in model %1",
	"SS_BLOCK_PRIM4_GETIMAGE": "from model %1 draw image of data %2",
	"SS_BLOCK_PRIM4_IMSHOW": "display image %1",
	"SS_BLOCK_PRIM4_PRINTLENGTH": "print length of feature %1",
	"SS_BLOCK_PRIM4_SHOWVECTOR": "show vector %1",
	"SS_BLOCK_PRIM4_BLEND": "show transitional images from %1 to %2",
	"SS_BLOCK_PRIM4_INFER": "from model %1 and data %2 generate image",
	"SS_BLOCK_PRIM4_FEATUREWALKING": "from model %1 generate feature walking image",
	"SS_BLOCK_PRIM4_MP3WRITE": "save music %1",
	"SS_BLOCK_PRIM4_PLAYMUSIC": "play music stored in %1",
	"SS_BLOCK_PRIM4_GETSTICKER": "using pionts1-4 %2 %3 %4 %5，mood %6 make emoji for %1",
	"SS_BLOCK_PRIM4_GETRANDOMWORD": "from %1 generate text of length %2",
	"SS_BLOCK_PRIM4_GETCONTXTWORD": "make sentence from subject%1, predicate%2, objective%3",
	"SS_BLOCK_PRIM4_GETMODEL": "load model",
	"SS_BLOCK_PRIM4_GETNEXTWORD": "from %1 generate text after %2",
	"SS_BLOCK_PRIM4_PREDICTSENTENCE": "from model%1 and word %2generate sentence",
	"SS_BLOCK_PRIM4_LISTNEXTWORD": "from %1 generate list after %2",
	"SS_BLOCK_PRIM4_LOADDATA": "load data",
	"SS_BLOCK_PRIM4_TRAINMODEL": "train model from %1",
	"SS_BLOCK_PRIM4_GETSAMPLE": "from model %1 generate %2 groups of data",
	"SS_BLOCK_PRIM4_LOADIMG": "load image from %1",
	"SS_BLOCK_PRIM4_LOADIMGFROMURL": "load URL image from %1",
	"SS_BLOCK_PRIM4_ALIGNFACE": "align face in image %1",
	"SS_BLOCK_PRIM4_GETFACEFEATURE": "extract feature from face %1",
	"SS_BLOCK_PRIM4_DECODE": "decode feature %1 into image",
	"SS_BLOCK_PRIM4_RANDOMGENERATE": "generate random data of length %1",
	"SS_BLOCK_PRIM4_LISTSLICING": "slicing %1 from %2 to %3",
	"SS_BLOCK_PRIM4_LISTADDING": "combine list %1 and list %2",
	"SS_BLOCK_PRIM4_LOADMNISTMODEL": "load handwritten recognition model",
	"SS_BLOCK_PRIM4_GENERATENOISE": "from model %1 generate noise",
	"SS_BLOCK_PRIM4_GETLITTLESTAR": "get Twinkle Twinkle song",
	"SS_BLOCK_PRIM4_GENMUSIC": "generate music with a length of %1 and similarity of %2",
	"SS_BLOCK_PRIM4_GETMUSICFROMDIGITS": "transform notation %1 into music",
	"SS_BLOCK_PRIM4_CONTINUEMUSIC": "based on %3 generate music with a length of %1 and similarity of %2",
	"SS_BLOCK_PRIM4_GETEMOJIDATA": "load emoji image from path%1",
	"SS_BLOCK_PRIM4_GETEMOJIDATAFROMURL": "load emoji image from  url%1",
	"SS_BLOCK_PRIM4_DETECTKEYPOINTS": "detect keypoints of %1",
	"SS_BLOCK_PRIM4_DRAWPOINTS": "draw points %2 on image %1",
	"SS_BLOCK_PRIM4_STYLETRANSFER": "transfer image %1 to style %2",
	"SS_BLOCK_PRIM3_SETDICTVALUE": "in %1 set value %3 for key %2",
	"SS_BLOCK_VCAR_MULTI_LIGHT": "line-following with multiple photoelectric sensors %1 %2 %3",
	"SS_PRIM1_IMSHOW": "display image %1",
	"SS_PRIM1_PRINT_LENGTH": "print feature length %1",
	"SS_PRIM1_ADD_IMAGE": "for visualizer %1, add image %2, feature %3, and its name %4",
	"SS_PRIM1_FIT_TRANSFORM": "fit model %1 and transform features",
	"SS_PRIM1_SHOW_VISUALIZE": "show model %1 by %2",
	"SS_PRIM1_VISUALIZE_IMAGE": "visualize transformed images based on features and model %1",
	"SS_PRIM1_TRANSFORM": "transform features for visualizer %1, image %2, feature %3, and name %4",
	"SS_PRIM1_GET_FRUIT_RESULT": "print result from model %1",
	"SS_PRIM1_SHOW_HOG": "show HOG feature %1",
	"SS_PRIM1_PLAYMUSIC": "play music from %1",
	"SS_PRIM1_SHOW_WITH_RECT": "display image %1 with frame %2",
	"SS_PRIM1_THUMBNAIL": "display thumbnail image %1",
	"SS_PRIM1_DRAWCORNERS": "use detection result %2 to draw keypoints on image %1",
	"SS_PRIM1_RUN": "run program",
	"SS_PRIM1_SHOWMAP": "show map %1",
	"SS_PRIM1_FILTER_WHITENING_SKIN": "whiten image %1 by %2 degrees",
	"SS_PRIM1_FILTER_DERMABRASION": "correct image %1 by %2 degrees",
	"SS_PRIM1_FILTER_BOKEH": "blur image %1 background by %2 degrees",
	"SS_PRIM1_GETQUESTION": "get questions",
	"SS_PRIM1_GETRECOMMEND": "get recommendations based on %1",
	"SS_PRIM1_VISUALIZE": "see products",
	"SS_PRIM1_PLOTVOICE": "plot waveform",
	"SS_PRIM1_LOAD_IMAGE": "load image from %1",
	"SS_PRIM1_LOAD_IMAGE_URL": "load URL image from %1",
	"SS_PRIM1_GET_FACE_FEATURE": "get feature %1",
	"SS_PRIM1_GET_VISUALIZER": "get visualizer",
	"SS_PRIM1_VISUALIZE_POINTS": "get scatterplot from visualizer %1",
	"SS_PRIM1_VISUALIZE_EDGES": "get line plot from visualizer %1 and link points exceeding a %2 similarity threshold",
	"SS_PRIM1_COMBINE_PLOTS": "combine plots %1 and %2",
	"SS_PRIM1_GET_FRUIT_DETECTOR": "identify fruit",
	"SS_PRIM1_DETECT_FRUIT": "use model %1 to detect fruit from image %2",
	"SS_PRIM1_DRAW_RECT": "mark detected fruit %1 on image %2",
	"SS_PRIM1_GET_HOG": "get HOG feature from %1",
	"SS_PRIM1_BLOCK_IMAGE": "obscure image %1",
	"SS_PRIM1_GET_EMOTION_RECOGNIZER": "get emotion recognizer",
	"SS_PRIM1_RECOGNIZE_EMOTION": "use model %1 to recognize emotion in image %2",
	"SS_PRIM1_GETAGENT": "get agent",
	"SS_PRIM1_SHOWPROBLEM": "get problem %2 from agent %1",
	"SS_PRIM1_RECORDVOICE": "start recording",
	"SS_PRIM1_CHECK": "check problem %2 from agent %1 with the answer %3",
	"SS_PRIM1_SWAP_FACE": "swap faces between %1 and %2",
	"SS_PRIM1_GETDATABASE": "get database",
	"SS_PRIM1_GETLITTLESTAR": "get Twinkle Twinkle song",
	"SS_PRIM1_GENMUSIC": "generate music with a length of %1 and similarity of %2",
	"SS_PRIM1_MP3WRITE": "save music %1",
	"SS_PRIM1_FINDSIMILAR": "find similar tracks in database %1 with spectrum %2",
	"SS_PRIM1_GETMUSICFROMDIGITS": "transform notation %1 into music",
	"SS_PRIM1_GET_CLUSTER": "get cluster model",
	"SS_PRIM1_CLUSTER_FACE": "use model %1 to cluster images %2",
	"SS_PRIM1_GET_RECT": "use model %1 to obtain facial images %2",
	"SS_PRIM1_CROP": "crop faces in images %1 for result %2",
	"SS_PRIM1_SET_ALBUM": "set album result %1 and face %2",
	"SS_PRIM1_LOADBOARDIMG": "load checkerboard image",
	"SS_PRIM1_FINDBOARDCORNERS": "detect checkerboard keypoints in image %1",
	"SS_PRIM1_GETMAP": "generate a random map",
	"SS_PRIM1_GETFASTESTROAD": "obtain the fastest route %1",
	"SS_PRIM1_FACEBEAUTY": "convert image %1 into editable mode",
	"SS_PRIM1_GETANSWER": "answers %1",
	"SS_PRIM3_GET_NET_HANDLE": "get cat-rabbit detector model",
	"SS_PRIM3_GET_CLASSIFIER": "get cat-rabbit classification model",
	"SS_PRIM3_LOAD_IMAGE_FOLDER": "load images from folder %1",
	"SS_PRIM3_GET_ANIMAL_FEATURE": "use model %1 to extract features from %2",
	"SS_PRIM3_COMBINE_DATASET": "combine data set %1 and %2",
	"SS_PRIM3_TRAIN": "use model %1, feature %2, and label %3 to train",
	"SS_PRIM3_PREDICT": "use model %1 and feature %2 to predict",
	"SS_PRIM3_GET_HOG": "get HOG feature from %1",
	"SS_PRIM3_SHOW_HOG": "show HOG feature %1",
	"SS_PRIM4_IMAGETOTEXT": "capture image %1",
	"SS_PRIM4_IMAGETOTEXTURL": "capture image %1",
	"SS_PRIM4_PLOTSCATTER": "draw scatterplot of data %1",
	"SS_PRIM4_CHECKAUTHENTICITY": "check if data %2 fits in model %1",
	"SS_PRIM4_GETIMAGE": "draw data %2 from model %1",
	"SS_PRIM4_IMSHOW": "display image %1",
	"SS_PRIM4_PRINTLENGTH": "print feature length of %1",
	"SS_PRIM4_SHOWVECTOR": "show vector %1",
	"SS_PRIM4_BLEND": "display transitional images from %1 to %2",
	"SS_PRIM4_INFER": "generate image from model %1 and data %2",
	"SS_PRIM4_FEATUREWALKING": "generate morphing image with model %1",
	"SS_PRIM4_PLAYMUSIC": "play music from %1",
	"SS_PRIM4_GETSTICKER": "use point %2, point %3, point %4, point %5, and mood %6 to make animated GIF %1",
	"SS_PRIM4_SHAPE": "show height and face for %1",
	"SS_PRIM4_JUDGE": "evaluate the position of the nose in %1",
	"SS_PRIM4_GETRANDOMWORD": "generate text with length %2 from %1",
	"SS_PRIM4_GETCONTXTWORD": "make a sentence with subject %1, verb %2, and object %3",
	"SS_PRIM4_LOADMODEL": "load model",
	"SS_PRIM4_GETNEXTWORD": "generate word after %2 from %1",
	"SS_PRIM4_PREDICTSENTENCE": "generate a sentence with model %1 and word %2",
	"SS_PRIM4_LISTNEXTWORD": "list next potential words with model%1 and word %2",
	"SS_PRIM4_LOADDATA": "load data",
	"SS_PRIM4_TRAINMODEL": "train model %1",
	"SS_PRIM4_GETSAMPLE": "generate %2 groups of data from model %1",
	"SS_PRIM4_LOADIMG": "load image from %1",
	"SS_PRIM4_LOADIMGFROMURL": "load URL image from %1",
	"SS_PRIM4_ALIGNFACE": "align face in image %1",
	"SS_PRIM4_GETFACEFEATURE": "extract facial feature from %1",
	"SS_PRIM4_DECODE": "decode feature %1 into an image",
	"SS_PRIM4_RANDOMGENERATE": "generate random data with length %1",
	"SS_PRIM4_LISTSLICING": "slice %1 from %2 to %3",
	"SS_PRIM4_LISTADDING": "combine list %1 and list %2",
	"SS_PRIM4_LOADMNISTMODEL": "load handwritten recognition model",
	"SS_PRIM4_GENERATENOISE": "generate noise with model %1",
	"SS_PRIM4_GETLITTLESTAR": "get Twinkle Twinkle song",
	"SS_PRIM4_GENMUSIC": "generate music with a length of %1 similarity of %2",
	"SS_PRIM4_MP3WRITE": "save music %1",
	"SS_PRIM4_GETMUSICFROMDIGITS": "transform notation %1 into music",
	"SS_PRIM4_CONTINUEMUSIC": "generate music with a length %1 and similarity of %2 based on %3",
	"SS_PRIM4_GETEMOJIDATA": "load face image from %1",
	"SS_PRIM4_GETEMOJIDATAFROMURL": "load URL face image from %1",
	"SS_PRIM4_DETECTKEYPOINTS": "detect keypoints in %1",
	"SS_PRIM4_DRAWPOINTS": "draw keypoints %2 on image %1",
	"SS_PRIM4_GET_TRANSFERER": "get style transfer model",
	"SS_PRIM4_TRANSFORM_STYLE": "transfer style %3 into image %2 using model %1",
	"SS_PRIM4_PUTNOSE": "place nose on (%1, %2) in the image",
	"SS_PRIM4_GENERATE": "generate coordinate %1 of the position of the nose",
	"SS_PRIM5_PLOT": "draw waveform of %1",
	"SS_PRIM5_PLAY_VOICE": "play voice from %1",
	"SS_PRIM5_GO_STRAIGHT_LITE": "go straight gently",
	"SS_PRIM5_GO_STRAIGHT": "go straight",
	"SS_PRIM5_STOP_LITE": "stop gently",
	"SS_PRIM5_STOP": "stop",
	"SS_PRIM5_TURN_LEFT_LITE": "turn slightly left",
	"SS_PRIM5_TURN_LEFT": "turn left",
	"SS_PRIM5_TURN_RIGHT_LITE": "turn slightly right",
	"SS_PRIM5_TURN_RIGHT": "turn right",
	"SS_PRIM5_SHOW_HDMAP": "display the HD Map",
	"SS_PRIM5_GO_STRAIGHT_WITH_UNCERTAINTY": "go straight with uncertainty",
	"SS_PRIM5_FIX_ERROR": "fix error %1 and %2",
	"SS_PRIM5_SHOW_MAP": "show the map",
	"SS_PRIM5_RECORD_AUDIO": "input voice for a duration of %1 seconds",
	"SS_PRIM5_RECOG_AUDIO": "speech recognition for %1 wav file",
	"SS_PRIM5_SHOW_POETRY": "load and show the poetry library",
	"SS_PRIM5_CHOOSE_POETRY": "select %1 from poetry library %2",
	"SS_PRIM5_SENSE": "get sensor data",
	"SS_PRIM5_GET_PROB": "input the position %1 and sensor data %2 to get the probability of the car in this position",
	"SS_PRIM5_GET_POSITION": "get location data",
	"SS_PRIM5_GET_ANGLE": "get angle data",
	"SS_PRIM5_FIND_PATH": "get the path planning result from %1 to %2",
	"SS_PRIM5_GET_DIRECTION": "get directions %1, %2, %3",
	"SS_PRIM5_GET_SENSOR_CONTENT": "get single sensor values %1, %2, %3",
	"SS_PRIM6_IMSHOW": "show image %1 in output area",
	"SS_PRIM6_SHOW": "show image %1",
	"SS_PRIM6_SHOW_GRAPH": "show graph %1",
	"SS_PRIM6_PAGERANK": "get the pagerank score%1",
	"SS_PRIM6_ADD_EDGE": "add edge in net %1 between %2 and %3",
	"SS_PRIM6_SHOW_GOOD": "show images of good items",
	"SS_PRIM6_SHOW_ALL": "show images of all items",
	"SS_PRIM6_SHOW_DIFF": "show difference of %1 and %2",
	"SS_PRIM6_ZOOM_IN": "zoom in at (%2,%3) of figure %1",
	"SS_PRIM6_PASSING": "passing word %2 from word list %1",
	"SS_PRIM6_BLOCK": "block word %2 from word list %1",
	"SS_PRIM6_DROP_NA": "delete wrong data in %1",
	"SS_PRIM6_STORM_GET_IMAGE": "get image from camera",
	"SS_PRIM6_STORM_SHOW_IMAGE": "show %1 image",
	"SS_PRIM6_STORM_BEEP": "beep",
	"SS_PRIM6_STORM_SLEEP": "sleep %1 seconds",
	"SS_PRIM6_STORM_GO": "left wheel %1, right wheel %2, move %3 seconds",
	"SS_PRIM6_STORM_RUN": "left wheel %1, right wheel %2, move %3 seconds",
	"SS_PRIM6_STORM_EMSSION": "emssion at %1",
	"SS_PRIM6_STORM_LIFT": "lift",
	"SS_PRIM6_STORM_OPEN_DOOR": "open_door",
	"SS_PRIM6_STORM_CLOSE_DOOR": "close_door",
	"SS_PRIM6_STORM_GET_INTENSITY": "get intensity at %1",
	"SS_PRIM6_STORM_GET_DISTANCE": "get distance at %1",
	"SS_PRIM6_STORM_LAY_DOWN": "lay_down",
	"SS_PRIM6_STORM_SPRAY_WATER_POWERFUL": "spray water powerful",
	"SS_PRIM6_STORM_SPRAY_WATER_MILD": "spray water mild",
	"SS_PRIM6_STORM_CONTROL_BED_ANGLE": "rotate bed %1",
	"SS_PRIM6_STORM_CONTROL_LIFT_BED": "lift bed",
	"SS_PRIM6_STORM_CONTROL_LAY_DOWN_BED": "lay down bed",
	"SS_PRIM6_STORM_AUTO_RESIDUAL_TRASH_CAN": "auto open and close residual trash can",
	"SS_PRIM6_STORM_CLOSE_RESIDUAL_TRASH_CAN": "close residual trash can",
	"SS_PRIM6_STORM_AUTO_HOUSEHOLD_TRASH_CAN": "auto open and close household trash can",
	"SS_PRIM6_STORM_CLOSE_HOUSEHOLD_TRASH_CAN": "close household trash can",
	"SS_PRIM6_STORM_COLLECT_RESIDUAL_WASTE": "collect residual waste",
	"SS_PRIM6_STORM_COLLECT_HOUSEHOLD_WASTE": "collect household waste",
	"SS_PRIM6_STORM_COLLECT_RESIDUAL_WASTE_URL": "collect residual waste from url %1",
	"SS_PRIM6_STORM_COLLECT_HOUSEHOLD_WASTE_URL": "collect household waste from url %1",
	"SS_PRIM6_STORM_SHOW_RESIDUAL_WASTE": "show residual waste",
	"SS_PRIM6_STORM_SHOW_HOUSEHOLD_WASTE": "show household waste",
	"SS_PRIM6_STORM_IMSHOW_RESIDUAL_WASTE": "show residual waste in output area",
	"SS_PRIM6_STORM_IMSHOW_HOUSEHOLD_WASTE": "show household waste in output area",
	"SS_PRIM6_STORM_TRAIN_TRASH_MODEL": "train trash model",
	"SS_PRIM6_LOAD_IMAGE_URL": "load image from url %1",
	"SS_PRIM6_LOAD_IMAGE": "Load image %1",
	"SS_PRIM6_SHOPPING": "scan the goods %1",
	"SS_PRIM6_GENERATE_ITEM": "generate the %1th item randomly",
	"SS_PRIM6_CHOSE_ITEM": "chose item%1",
	"SS_PRIM6_PREDICT": "detect airplane in %1",
	"SS_PRIM6_ADD_RECT": "add rect %1 on %2",
	"SS_PRIM6_GET_LIST": "get path list from %1",
	"SS_PRIM6_GET_DICT": "get dictionary of word frequency according to %2 from %1",
	"SS_PRIM6_INIT_MODEL": "initial the model from %1，%2，%3，%4",
	"SS_PRIM6_GET_TEST_WORDS": "get the list of word and its probability to be in a spam email from %1 and %2",
	"SS_PRIM6_CALCULATE_BAYES": "calculate the probability of spam email from %1",
	"SS_PRIM6_GET_TXT": "get the word from %1",
	"SS_PRIM6_READ_TABEL": "read tabel from %1",
	"SS_PRIM6_NP_ARRAY": "transfer %1 to a numpy array",
	"SS_PRIM6_NP_CLIP": "clip array %1 in range (%2,%3)",
	"SS_PRIM6_FIT_TRANSFORM": "transform %1 to features with principle components",
	"SS_PRIM6_KMEANS_CLUSTER": "cluster %2 to %1 classes",
	"SS_PRIM6_GET_LABELS": "get labels in the cluster %1",
	"SS_PRIM6_NP_WHERE": "find the index where %1 is equal to %2",
	"SS_PRIM6_GET_ID": "get the class id of %2 from cluster list %1",
	"SS_PRIM6_STORM_GET_LIGHT": "get %1 light",
	"SS_PRIM6_STORM_GET_WIDTH": "get green block width in %1",
	"SS_PRIM6_STORM_CLASSIFY_DIGITS": "classify digits in %1",
	"SS_PRIM6_STORM_CLASSIFY_IMAGE": "classify objects in %1",
	"SS_PRIM6_STORM_DETECT_EYE_STATE": "detect %1 eye state",
	"SS_PRIM6_STORM_DETECT_HEAD_ANGLE": "detect %1 head angle",
	"SS_PRIM6_STORM_CLASSIFY_TRASH": "classify trash in %1",
	"SS_PRIM6_STORM_GET_TRASH_MODEL": "get trash model",
	"SS_PRIM6_STORM_TRASH_MODEL_PREDICT": "predict trash in %1",
	"SS_PRIM6_GET_PRICE": "print shopping receipt of %1",
	"SS_PRIM6_GET_GRAPH": "get net graph with parameter(%1,%2)",
	"SS_PRIM6_DISJOINT_UNION": "disjoint union two nets %1,%2",
	"SS_PRIM6_CUT_WORD": "cut word for %1",
	"SS_PRIM6_WORD_CLOUD": "show word cloud of %1 with parameter %2",
	"SS_PRIM6_STORM_MOTOR_A_RUN_TIME": "motor A run %2 seconds at %1",
	"SS_PRIM6_STORM_MOTOR_C_RUN_TIME": "motor C run %2 seconds at %1",
	"SS_PRIM6_STORM_MOTOR_B_RUN_TIME": "motor B run %2 seconds at %1",
	"SS_PRIM6_STORM_MOTOR_D_RUN_TIME": "motor D run %2 seconds at %1",
	"SS_PRIM6_GET_RESULT": "get the result %2 from %1",
	"SS_PRIM6_DIVIDE_DATA": "divide %1 to get the data for predict",
	"SS_PRIM6_DIVIDE_LABEL": "divide %1 to get the recommand result",
	"SS_PRIM6_CONCAT_STRING": "concat string %1，number %2 and string %3",
	"SS_PRIM6_SQUARE_SUM": "get the square sum of diffent %1",
	"SS_PRIM6_GRAY": "get the gray scale image of %1",
	"SS_PRIM1_NOLOCAL_SPEECHRECOG": "recognize words from file %1",
	"SS_PRIM1_NOLOCAL_PLAYAUDIO": "play audio from file %1",
	"SS_PRIM1_NOLOCAL_ARONIMAGE": "generate AR image on %1",
	"SS_PRIM1V1_IMSHOW": "display image %1",
	"SS_PRIM1V1_LOAD_IMAGE": "load image from %1",
	"SS_PRIM1V1_LOAD_IMAGE_URL": "load URL image from %1",
	"SS_PRIM1V1_LOAD_IMAGE_ANIMAL": "load image %2 of animal %1",
	"SS_PRIM1V1_LOAD_IMAGE_PLANT": "load image %2 of plant %1",
	"SS_PRIM1V1_LOAD_IMAGE_FRUITANDVEGETABLE": "load image %2 of fruits and vegetables %1",
	"SS_PRIM1V1_RECOGNIZE_ANIMAL": "recognize animal in image %1",
	"SS_PRIM1V1_RECOGNIZE_PLANT": "recognize plant in image %1",
	"SS_PRIM1V1_RECOGNIZE_FRUITANDVEGETABLE": "recognize fruits and vegetables in image %1",
	"SS_PRIM1V1_THUMBNAIL": "display thumbnail image %1",
	"SS_PRIM1V1_FILTER_WHITENING_SKIN": "whiten image %1 by %2 degrees",
	"SS_PRIM1V1_FILTER_DERMABRASION": "correct image %1 by %2 degrees",
	"SS_PRIM1V1_FILTER_BOKEH": "blur image %1 background by %2 degrees",
	"SS_PRIM1V1_LOAD_CLUSTER_DATA": "load cluster data",
	"SS_PRIM1V1_GETQUESTION": "get question %1",
	"SS_PRIM1V1_GETRECOMMEND": "get recommendations based on %1",
	"SS_PRIM1V1_VISUALIZE": "see products",
	"SS_PRIM1V1_BLOCK_IMAGE": "obscure image %1 with position %2",
	"SS_PRIM1V1_RECOGNIZE_EMOTION": "recognize emotion in image %1",
	"SS_PRIM1V1_SWAP_FACE": "swap faces between %1 and %2",
	"SS_PRIM1V1_GETDATABASE": "get database",
	"SS_PRIM1V1_GETLITTLESTAR": "get Twinkle Twinkle song",
	"SS_PRIM1V1_GENMUSIC": "generate music with a length of %1",
	"SS_PRIM1V1_MP3WRITE": "save music %1",
	"SS_PRIM1V1_PLAYMUSIC": "play music from %1",
	"SS_PRIM1V1_FINDSIMILAR": "find similar tracks in database %1 with spectrum %2",
	"SS_PRIM1V1_GETMUSICFROMDIGITS": "transform notation %1 into music",
	"SS_PRIM1V1_GETAGENT": "get agent",
	"SS_PRIM1V1_SHOWPROBLEM": "get problem %2 from agent %1",
	"SS_PRIM1V1_RECORDVOICE": "start recording",
	"SS_PRIM1V1_CHECK": "check problem %2 from agent %1 with answer %3",
	"SS_PRIM1V1_PLOTVOICE": "plot waveform",
	"SS_PRIM1V1_GET_CLUSTER": "get cluster model",
	"SS_PRIM1V1_CLUSTER_FACE": "use model %1 to cluster images %2",
	"SS_PRIM1V1_GET_RECT": "use model %1 to obtain facial images %2",
	"SS_PRIM1V1_SHOW_WITH_RECT": "display image %1 with frame %2",
	"SS_PRIM1V1_CROP": "crop faces in images %1 for result %2",
	"SS_PRIM1V1_SET_ALBUM": "set album result %1 and face %2",
	"SS_PRIM1V1_LOADBOARDIMG": "load checkerboard image",
	"SS_PRIM1V1_FINDBOARDCORNERS": "detect checkerboard keypoints in image %1",
	"SS_PRIM1V1_DRAWCORNERS": "use detection result %2 to draw keypoints on image %1",
	"SS_PRIM1V1_RUN": "run program",
	"SS_PRIM1V1_GETMAP": "generate a random map",
	"SS_PRIM1V1_SHOWMAP": "show map %1",
	"SS_PRIM1V1_GETFASTESTROAD": "obtain the fastest route %1",
	"SS_PRIM1V1_GETANSWER": "answers %1",
	"SS_PRIM1V2_FILTER_WHITENING_SKIN": "Whiten Image %1 by degree %2",
	"SS_PRIM1V2_FILTER_DERMABRASION": "Skinned Image %1 by degree %2",
	"SS_PRIM1V2_FILTER_BOKEH": "Bokeh Image %1 by degree %2",
	"SS_MENU_EXPORT_TO_LOCAL": "Export to Local",
	"SS_MENU_EXPORT_TO_FOLD": "Export to Fold",
	"SS_MENU_INPORT_FROM_LOCAL": "Import from Local",
	"SS_MENU_INPORT_FROM_FOLD": "Import from Fold",
	"SS_MENU_SELECT_FROM_FOLD": "Fold",
	"SS_MENU_SELECT_FROM_LOCAL": "Local",
	"SS_MENU_SELECT_FROM_CAMERA": "Camera",
	"SS_MENU_SELECT_FROM_MICROPHONE": "Microphone",
	"SS_MENU_SELECT_BLANK": "select",
	"SS_MENU_SELECT_TYPE_IMAGE": "image",
	"SS_MENU_SELECT_TYPE_AUDIO": "audio",
	"SS_MENU_SELECT_TYPE_VIDEO": "video",
	"SS_MENU_SELECT_TYPE_DATASET": "dataset",
	"SS_PRIMJPK_LOAD_AND_SHOW_IMAGE": "load and show image %1",
	"SS_PRIMJPK_IMAGE_RECOGNITION": "image recognition",
	"SS_PRIMJPK_LOAD_OCCLUDED_IMAGE": "load image %1 and block position %2",
	"SS_PRIMJPK_EMOTION_RECOGNITION": "emotion recognition",
	"SS_PRIMJPK_LOAD_AND_PLAY_VOICE": "load and play voice %1",
	"SS_PRIMJPK_DISPLAY_WAVEFORM": "display waveform",
	"SS_PRIMJPK_ROBOT_Q_AND_A": "robot Q & A %1",
	"SS_PRIMJPK_LOAD_IMAGE_NAMED": "load image %1 and named %2",
	"SS_PRIMJPK_SWAP_FACE": "swap face %1 with %2",
	"SS_PRIM_GUANGZHOU_LOAD_IMAGE": "load image %1",
	"SS_PRIM_GUANGZHOU_LOAD_IMAGE_URL": "load image feom url %1",
	"SS_PRIM_GUANGZHOU_IMSHOW": "show image %1",
	"SS_PRIM_GUANGZHOU_RECOG_RIPE_APPLE": "recognize fruits/vegitables from image %1",
	"SS_PRIM_GUANGZHOU_DRAW_RECT": "draw on %1 according to %2 and show",
	"SS_PRIM_GUANGZHOU_VCAR_OPENGATE2": "open gate NO.%1",
	"SS_PRIM_GUANGZHOU_VCAR_CLOSEGATE2": "close gate NO.%1",
	"SS_PRIM_GUANGZHOU_VCAR_OPENGATE": "open gate NO. %1",
	"SS_PRIM_GUANGZHOU_VCAR_CLOSEGATE": "close gate NO.%1"
}
